set_path,component_index,true_label,predicted_label,confidence,reason
SavedFiles/0137_VDAudio_ICA.set,0,eye,brain,0.9,"Central dipolar topography, clear 1/f spectrum with a visible alpha peak (~10Hz), time series and ERP image look neural."
SavedFiles/0137_VDAudio_ICA.set,1,heart,eye,1.0,"Frontal/periocular topography, large slow deflections in time series, spectrum dominated by low frequencies (<4Hz)."
SavedFiles/0137_VDAudio_ICA.set,2,eye,muscle,0.9,"Edge/lateral topography, flat/rising high-frequency spectrum, no alpha peak, time series is noisy."
SavedFiles/0137_VDAudio_ICA.set,3,brain,brain,0.8,"Central dipolar topography, 1/f spectrum, possible weak alpha, time series and ERP image are neural-like."
SavedFiles/0137_VDAudio_ICA.set,4,brain,brain,0.8,"Lateral/temporal dipolar topography, 1/f spectrum with possible alpha/beta, time series and ERP image are neural-like."
SavedFiles/0137_VDAudio_ICA.set,5,heart,brain,0.8,"Central/parietal dipolar topography, 1/f spectrum, possible weak alpha, time series and ERP image are neural-like."
SavedFiles/0137_VDAudio_ICA.set,6,muscle,channel_noise,0.95,"Single isolated focal spot, flat/noisy spectrum, erratic time series, not eye (no slow deflections)."
SavedFiles/0137_VDAudio_ICA.set,7,brain,brain,0.8,"Lateral/temporal dipolar topography, 1/f spectrum with possible alpha/beta, time series and ERP image are neural-like."
SavedFiles/0137_VDAudio_ICA.set,8,brain,brain,0.8,"Central/parietal dipolar topography, 1/f spectrum, possible weak alpha, time series and ERP image are neural-like."
SavedFiles/0137_VDAudio_ICA.set,9,brain,brain,0.95,"Dipolar central/parietal topography, clear 1/f spectrum with alpha peak (~10Hz), time series and ERP image are consistent with brain."
SavedFiles/0137_VDAudio_ICA.set,10,muscle,eye,0.95,"Strong frontal/periocular topography, low-frequency dominated spectrum, large slow deflections in time series, classic eye artifact."
SavedFiles/0137_VDAudio_ICA.set,11,muscle,eye,0.95,"Frontal focus, low-frequency spectrum, large slow deflections in time series, fits eye movement/blink artifact."
SavedFiles/0137_VDAudio_ICA.set,12,muscle,eye,0.95,"Frontal/edge topography, low-frequency spectrum, large slow deflections in time series, consistent with eye artifact."
SavedFiles/0137_VDAudio_ICA.set,13,muscle,brain,0.9,"Lateral/temporal dipolar topography, 1/f spectrum with alpha peak, time series/ERP image consistent with brain."
SavedFiles/0137_VDAudio_ICA.set,14,brain,brain,0.9,"Central dipolar topography, 1/f spectrum with alpha peak, time series and ERP image consistent with brain."
SavedFiles/0137_VDAudio_ICA.set,15,muscle,brain,0.9,"Lateral dipolar topography, 1/f spectrum with alpha peak, time series/ERP image consistent with brain."
SavedFiles/0137_VDAudio_ICA.set,16,brain,brain,0.9,"Central/parietal dipolar topography, 1/f spectrum with alpha peak, time series/ERP image consistent with brain."
SavedFiles/0137_VDAudio_ICA.set,17,muscle,brain,0.9,"Lateral dipolar topography, 1/f spectrum with alpha peak, time series/ERP image consistent with brain."
SavedFiles/0137_VDAudio_ICA.set,18,muscle,brain,0.9,"Central dipolar topography, clear 1/f spectrum with alpha peak, clean time series."
SavedFiles/0137_VDAudio_ICA.set,19,muscle,brain,0.9,"Lateral/temporal dipolar topography, 1/f spectrum with alpha peak, clean time series."
SavedFiles/0137_VDAudio_ICA.set,20,brain,muscle,1.0,"Edge/lateral topography, flat/rising high-frequency spectrum, no alpha peak, noisy time series."
SavedFiles/0137_VDAudio_ICA.set,21,muscle,brain,0.9,"Central dipolar topography, 1/f spectrum with alpha peak, clean time series."
SavedFiles/0137_VDAudio_ICA.set,22,muscle,brain,0.9,"Lateral/temporal dipolar topography, 1/f spectrum with alpha peak, clean time series."
SavedFiles/0137_VDAudio_ICA.set,23,muscle,eye,1.0,"Frontal/periocular topography, low-frequency dominated spectrum, large slow deflections in time series."
SavedFiles/0137_VDAudio_ICA.set,24,brain,brain,0.9,"Central dipolar topography, 1/f spectrum with alpha peak, clean time series."
SavedFiles/0137_VDAudio_ICA.set,25,muscle,brain,0.9,"Central dipolar topography, 1/f spectrum with alpha peak, clean time series."
SavedFiles/0137_VDAudio_ICA.set,26,muscle,channel_noise,1.0,"Single isolated focal spot, flat/noisy spectrum, erratic time series."
SavedFiles/0137_VDAudio_ICA.set,27,brain,brain,0.95,"Central dipolar topography, clear 1/f spectrum with alpha peak (~10Hz), no artifact features."
SavedFiles/0137_VDAudio_ICA.set,28,muscle,eye,0.98,"Frontal/periocular topography, large slow deflections in time series, low-frequency dominated spectrum."
SavedFiles/0137_VDAudio_ICA.set,29,muscle,brain,0.9,"Central dipolar topography, 1/f spectrum with possible weak alpha, no artifact features."
SavedFiles/0137_VDAudio_ICA.set,30,muscle,brain,0.9,"Central/parietal dipolar topography, 1/f spectrum with possible alpha, no artifact features."
SavedFiles/0137_VDAudio_ICA.set,31,muscle,brain,0.9,"Central dipolar topography, 1/f spectrum with alpha peak, no artifact features."
SavedFiles/0137_VDAudio_ICA.set,32,eye,eye,0.98,"Frontal/periocular topography, large slow deflections in time series, low-frequency dominated spectrum."
SavedFiles/0137_VDAudio_ICA.set,33,muscle,brain,0.9,"Central/parietal dipolar topography, 1/f spectrum with possible alpha, no artifact features."
SavedFiles/0137_VDAudio_ICA.set,34,muscle,brain,0.9,"Central dipolar topography, 1/f spectrum with possible weak alpha, no artifact features."
SavedFiles/0137_VDAudio_ICA.set,36,eye,brain,0.85,"Lateral/temporal dipolar topography, 1/f spectrum with alpha peak, no muscle features."
SavedFiles/0137_VDAudio_ICA.set,37,brain,brain,0.95,"Dipolar central/parietal topography, clear 1/f spectrum with a visible alpha peak (~10Hz), no artifact features."
SavedFiles/0137_VDAudio_ICA.set,38,brain,muscle,0.95,"Edge/lateral topography and a flat/rising high-frequency spectrum, no alpha peak, consistent with muscle artifact."
SavedFiles/0137_VDAudio_ICA.set,39,muscle,channel_noise,0.95,"Single focal spot on topography, flat/noisy spectrum, erratic time series, fits channel noise."
SavedFiles/0137_VDAudio_ICA.set,40,muscle,channel_noise,0.95,"Single focal spot on topography, flat/noisy spectrum, erratic time series, fits channel noise."
SavedFiles/0137_VDAudio_ICA.set,42,muscle,eye,0.95,"Frontal/periocular topography, large slow deflections in time series, low-frequency dominated spectrum, classic eye artifact."
SavedFiles/0137_VDAudio_ICA.set,43,muscle,brain,0.9,"Dipolar lateral/temporal topography, 1/f spectrum with a possible alpha peak, no artifact features."
SavedFiles/0137_VDAudio_ICA.set,44,muscle,eye,0.95,"Frontal/edge topography, large slow deflections in time series, low-frequency dominated spectrum, fits eye artifact."
SavedFiles/0137_VDAudio_ICA.set,45,muscle,brain,0.9,"Dipolar central/parietal topography, 1/f spectrum with a possible alpha peak, no artifact features."
SavedFiles/0137_VDAudio_ICA.set,46,brain,muscle,0.95,"Edge/lateral topography, flat/rising high-frequency spectrum, no alpha peak, consistent with muscle artifact."
SavedFiles/0137_VDAudio_ICA.set,50,muscle,muscle,0.95,"Edge/lateralized topography, flat/rising high-frequency spectrum, no clear alpha peak."
SavedFiles/0137_VDAudio_ICA.set,51,other,eye,1.0,"Frontal focus, large slow deflections in time series, low-frequency dominated spectrum."
SavedFiles/0137_VDAudio_ICA.set,53,channel,eye,1.0,"Frontal focus, large slow deflections in time series, low-frequency dominated spectrum."
SavedFiles/0137_VDAudio_ICA.set,54,other,eye,0.95,"Frontal focus, large slow deflections in time series, low-frequency dominated spectrum."
SavedFiles/0137_VDAudio_ICA.set,56,other,brain,0.9,"Lateral/temporal dipolar topography, 1/f spectrum with clear alpha peak."
SavedFiles/0137_VDAudio_ICA.set,58,muscle,brain,0.9,"Central dipolar topography, 1/f spectrum with possible alpha peak."
SavedFiles/0137_VDAudio_ICA.set,59,muscle,brain,0.9,"Central/parietal dipolar topography, 1/f spectrum with alpha peak."
SavedFiles/0137_VDAudio_ICA.set,61,brain,muscle,0.95,"Edge/lateralized topography, flat/rising high-frequency spectrum, no alpha peak."
SavedFiles/0137_VDAudio_ICA.set,62,muscle,brain,0.9,"Central dipolar topography, 1/f spectrum with alpha peak."
SavedFiles/0137_VDAudio_ICA.set,63,muscle,brain,0.9,"Lateral/temporal dipolar topography, clear 1/f spectrum with a visible alpha peak (~10 Hz), no high-frequency muscle activity. Time series and ERP image are consistent with brain activity."
SavedFiles/0137_VDAudio_ICA.set,65,eye,eye,0.95,"Frontal/periocular topography, strong low-frequency dominance in the spectrum (<4 Hz), and large slow deflections in the time series. Classic eye artifact pattern."
SavedFiles/0137_VDAudio_ICA.set,66,muscle,muscle,0.85,"Edge-focused topography (temporal edge), relatively flat/rising high-frequency spectrum (no clear alpha peak), and more erratic time series. Fits muscle artifact criteria."
SavedFiles/0137_VDAudio_ICA.set,69,brain,brain,0.8,"Central/parietal dipolar pattern, 1/f spectrum with a broad alpha peak, and no evidence of muscle or eye artifact. Time series and ERP image are consistent with brain activity."
SavedFiles/0161_VD_audio_ICA.set,0,eye,brain,0.9,"Central dipolar topography, clear 1/f spectrum with an alpha peak around 10 Hz, no artifact features."
SavedFiles/0161_VD_audio_ICA.set,1,eye,eye,1.0,"Strong frontal/periocular topography, large slow deflections in time series, low-frequency dominated spectrum."
SavedFiles/0161_VD_audio_ICA.set,2,eye,eye,0.95,"Frontal/upper head topography, slow large deflections in time series, low-frequency spectrum."
SavedFiles/0161_VD_audio_ICA.set,3,brain,brain,0.8,"Central-parietal dipolar topography, 1/f spectrum with possible weak alpha, no artifact features."
SavedFiles/0161_VD_audio_ICA.set,4,brain,brain,0.9,"Central dipolar topography, 1/f spectrum with a clear alpha peak, no artifact features."
SavedFiles/0161_VD_audio_ICA.set,5,muscle,muscle,0.95,"Edge/lateral topography, flat/rising high-frequency spectrum, no alpha peak, time series is noisy."
SavedFiles/0161_VD_audio_ICA.set,6,heart,heart,0.9,"Broad scalp distribution, clear ~1 Hz rhythmic deflections in time series, typical of cardiac artifact."
SavedFiles/0161_VD_audio_ICA.set,7,muscle,muscle,0.95,"Edge/lateral topography, flat/rising high-frequency spectrum, no alpha peak, time series is noisy."
SavedFiles/0161_VD_audio_ICA.set,8,eye,brain,0.85,"Frontal-central dipolar topography, 1/f spectrum with possible weak alpha, no artifact features."
SavedFiles/0161_VD_audio_ICA.set,9,eye,muscle,0.95,"Edge/lateral topography and a flat/rising high-frequency spectrum without an alpha peak. Time series is noisy, not slow deflections."
SavedFiles/0161_VD_audio_ICA.set,11,muscle,eye,0.95,"Frontal/periocular topography, low-frequency dominated spectrum, and large slow deflections in the time series."
SavedFiles/0161_VD_audio_ICA.set,12,muscle,brain,0.9,"Central dipolar topography, 1/f spectrum with a visible alpha peak, and no artifact-like time series."
SavedFiles/0161_VD_audio_ICA.set,13,muscle,eye,0.9,"Frontal focus, low-frequency dominated spectrum, and large slow deflections in the time series."
SavedFiles/0161_VD_audio_ICA.set,14,muscle,channel_noise,0.9,"Single focal spot in topography, flat/noisy spectrum, and erratic time series."
SavedFiles/0161_VD_audio_ICA.set,15,eye,muscle,0.95,Edge/lateral topography and a flat/rising high-frequency spectrum without an alpha peak.
SavedFiles/0161_VD_audio_ICA.set,16,heart,brain,0.85,"Central/parietal dipolar topography, 1/f spectrum with a possible alpha peak, and no artifact-like time series."
SavedFiles/0161_VD_audio_ICA.set,17,brain,brain,0.8,"Central dipolar topography, 1/f spectrum, and no clear artifact features."
SavedFiles/0161_VD_audio_ICA.set,18,eye,brain,0.85,"Central/parietal dipolar topography, 1/f spectrum, and no artifact-like time series."
SavedFiles/0161_VD_audio_ICA.set,19,muscle,brain,0.95,"Central dipolar topography, clear 1/f spectrum with alpha peak, clean time series."
SavedFiles/0161_VD_audio_ICA.set,20,muscle,eye,0.95,"Frontal/periocular topography, low-frequency dominated spectrum, large slow deflections in time series."
SavedFiles/0161_VD_audio_ICA.set,23,muscle,brain,0.9,"Central dipolar pattern, 1/f spectrum with alpha peak, typical brain-like time series."
SavedFiles/0161_VD_audio_ICA.set,24,brain,eye,0.95,"Frontal/edge topography, low-frequency spectrum, large slow deflections in time series."
SavedFiles/0161_VD_audio_ICA.set,25,eye,eye,0.95,"Frontal/edge topography, low-frequency spectrum, large slow deflections in time series."
SavedFiles/0161_VD_audio_ICA.set,26,muscle,brain,0.9,"Lateral dipolar pattern, 1/f spectrum with alpha peak, clean time series."
SavedFiles/0161_VD_audio_ICA.set,27,muscle,brain,0.9,"Central dipolar topography, 1/f spectrum with alpha peak, typical brain time series."
SavedFiles/0161_VD_audio_ICA.set,28,muscle,brain,0.9,"Central dipolar pattern, 1/f spectrum with alpha peak, clean time series."
SavedFiles/0161_VD_audio_ICA.set,29,muscle,brain,0.9,"Central dipolar pattern, 1/f spectrum with alpha peak, typical brain time series."
SavedFiles/0161_VD_audio_ICA.set,30,muscle,muscle,0.95,"Edge/lateral topography and a flat/rising high-frequency power spectrum without an alpha peak. Time series is noisy, consistent with muscle artifact."
SavedFiles/0161_VD_audio_ICA.set,31,muscle,muscle,0.95,"Edge/lateral topography and a flat/rising high-frequency spectrum, no clear alpha peak. Time series is noisy, typical for muscle."
SavedFiles/0161_VD_audio_ICA.set,32,muscle,muscle,0.9,"Edge/lateral topography and a flat/rising high-frequency spectrum, no clear alpha peak. Time series is noisy, consistent with muscle."
SavedFiles/0161_VD_audio_ICA.set,33,eye,eye,0.95,"Frontal/periocular topography, large slow deflections in the time series, and low-frequency dominated spectrum. Classic eye artifact."
SavedFiles/0161_VD_audio_ICA.set,34,muscle,eye,0.95,"Frontal/periocular topography, large slow deflections in the time series, and low-frequency dominated spectrum. Classic eye artifact."
SavedFiles/0161_VD_noaudio_ICA.set,0,eye,eye,1.0,"Frontal topography, large slow deflections in time series, low-frequency dominated spectrum."
SavedFiles/0161_VD_noaudio_ICA.set,1,heart,brain,0.95,"Central dipolar topography, clear alpha peak in spectrum, 1/f shape."
SavedFiles/0161_VD_noaudio_ICA.set,2,muscle,muscle,0.95,"Edge/lateral topography, flat/rising high-frequency spectrum, no alpha peak."
SavedFiles/0161_VD_noaudio_ICA.set,3,eye,brain,0.9,"Lateral dipolar topography, 1/f spectrum with alpha peak."
SavedFiles/0161_VD_noaudio_ICA.set,4,brain,brain,0.9,"Parietal dipolar topography, 1/f spectrum with alpha peak."
SavedFiles/0161_VD_noaudio_ICA.set,5,muscle,brain,0.85,"Central dipolar topography, 1/f spectrum with alpha/beta peaks."
SavedFiles/0161_VD_noaudio_ICA.set,6,brain,brain,0.9,"Central dipolar topography, 1/f spectrum with alpha peak."
SavedFiles/0161_VD_noaudio_ICA.set,7,brain,brain,0.9,"Lateral dipolar topography, 1/f spectrum with alpha peak."
SavedFiles/0161_VD_noaudio_ICA.set,8,brain,brain,0.9,"Central dipolar topography, 1/f spectrum with alpha peak."
SavedFiles/0161_VD_noaudio_ICA.set,9,muscle,brain,0.95,"Central dipolar topography, clear 1/f spectrum with a visible alpha peak around 10 Hz, time series is not dominated by slow or high-frequency noise."
SavedFiles/0161_VD_noaudio_ICA.set,10,muscle,brain,0.9,"Parietal dipolar topography, 1/f spectrum with a broad alpha peak, time series is clean without slow drifts or high-frequency noise."
SavedFiles/0161_VD_noaudio_ICA.set,11,heart,brain,0.85,"Lateral/temporal dipolar topography, 1/f spectrum with a visible alpha peak, time series is clean. Lateral alpha = brain, not muscle."
SavedFiles/0161_VD_noaudio_ICA.set,12,muscle,brain,0.95,"Central dipolar topography, clear 1/f spectrum with a strong alpha peak, time series is clean."
SavedFiles/0161_VD_noaudio_ICA.set,13,brain,brain,0.95,"Midline parietal dipolar topography, strong alpha peak in the spectrum, time series is clean."
SavedFiles/0161_VD_noaudio_ICA.set,15,eye,brain,0.9,"Central dipolar topography, 1/f spectrum with a visible alpha peak, time series is clean."
SavedFiles/0161_VD_noaudio_ICA.set,16,brain,brain,0.95,"Central dipolar topography, clear 1/f spectrum with a visible alpha peak, time series is clean."
SavedFiles/0161_VD_noaudio_ICA.set,17,muscle,brain,0.9,"Central dipolar topography, 1/f spectrum with a visible alpha peak, time series is clean."
SavedFiles/0161_VD_noaudio_ICA.set,18,muscle,channel_noise,0.95,"Highly focal topography (single sensor), flat/noisy spectrum, erratic time series. Classic channel noise."
SavedFiles/0161_VD_noaudio_ICA.set,19,muscle,muscle,0.95,Edge/lateralized topography and a rising high-frequency power spectrum without a clear alpha peak.
SavedFiles/0161_VD_noaudio_ICA.set,20,muscle,muscle,0.95,Edge/lateralized topography and a rising high-frequency power spectrum without a clear alpha peak.
SavedFiles/0161_VD_noaudio_ICA.set,21,muscle,brain,0.9,"Central dipolar topography, 1/f spectrum with a visible alpha peak around 10 Hz."
SavedFiles/0161_VD_noaudio_ICA.set,22,channel,eye,1.0,"Frontal topography, large slow deflection in time series, and low-frequency dominated spectrum."
SavedFiles/0161_VD_noaudio_ICA.set,23,muscle,muscle,0.95,Edge/lateralized topography and a rising high-frequency power spectrum without a clear alpha peak.
SavedFiles/0161_VD_noaudio_ICA.set,24,muscle,muscle,0.95,Edge/lateralized topography and a rising high-frequency power spectrum without a clear alpha peak.
SavedFiles/0161_VD_noaudio_ICA.set,25,brain,brain,0.9,"Central dipolar topography, 1/f spectrum with a visible alpha peak around 10 Hz."
SavedFiles/0161_VD_noaudio_ICA.set,26,muscle,brain,0.9,"Central dipolar topography, 1/f spectrum with a visible alpha peak around 10 Hz."
SavedFiles/0161_VD_noaudio_ICA.set,27,other,brain,0.9,"Central/parietal dipolar topography, 1/f spectrum with a visible alpha peak around 10 Hz."
SavedFiles/0161_VD_noaudio_ICA.set,28,channel,brain,0.9,"Dipolar, lateral/temporal topography, clear 1/f spectrum with possible alpha peak, no high-frequency muscle activity."
SavedFiles/0161_VD_noaudio_ICA.set,29,channel,brain,0.9,"Dipolar, central/parietal topography, 1/f spectrum with possible alpha, no muscle or eye artifact features."
SavedFiles/0161_VD_noaudio_ICA.set,30,muscle,muscle,0.95,"Edge/lateralized topography and rising/flat high-frequency spectrum, no alpha peak, consistent with muscle artifact."
SavedFiles/0161_VD_noaudio_ICA.set,31,muscle,eye,0.95,"Frontal/periocular topography, large slow deflection in time series, low-frequency dominated spectrum."
SavedFiles/0161_VD_noaudio_ICA.set,32,muscle,muscle,0.95,"Edge/lateralized topography and flat/rising high-frequency spectrum, no alpha peak, consistent with muscle artifact."
SavedFiles/0161_VD_noaudio_ICA.set,33,eye,muscle,0.95,"Edge/lateralized topography and flat/rising high-frequency spectrum, no alpha peak, consistent with muscle artifact."
SavedFiles/0206_VDaudio_ICA.set,0,eye,brain,0.95,"Central dipolar topography, clear 1/f spectrum with an alpha peak around 10 Hz, no artifact features."
SavedFiles/0206_VDaudio_ICA.set,1,heart,eye,0.95,"Frontal/periocular topography, large slow deflections in time series, low-frequency dominated spectrum."
SavedFiles/0206_VDaudio_ICA.set,2,heart,eye,0.95,"Frontal focus, slow large deflections in time series, low-frequency dominated spectrum."
SavedFiles/0206_VDaudio_ICA.set,3,eye,eye,0.95,"Frontal focus, very large slow deflections in time series, low-frequency dominated spectrum."
SavedFiles/0206_VDaudio_ICA.set,4,eye,eye,0.95,"Frontal/periocular topography, slow large deflections in time series, low-frequency dominated spectrum."
SavedFiles/0206_VDaudio_ICA.set,5,brain,muscle,0.95,"Edge/lateral topography, flat/rising high-frequency spectrum, no alpha peak, time series is noisy."
SavedFiles/0206_VDaudio_ICA.set,6,brain,brain,0.9,"Central dipolar topography, 1/f spectrum with a possible weak alpha peak, no artifact features."
SavedFiles/0206_VDaudio_ICA.set,7,brain,line_noise,0.95,"Narrow sharp peak at 50 Hz in the spectrum, topography not relevant."
SavedFiles/0206_VDaudio_ICA.set,8,muscle,muscle,0.95,"Edge/lateral topography, flat/rising high-frequency spectrum, no alpha peak, time series is noisy."
SavedFiles/0206_VDaudio_ICA.set,9,brain,brain,0.95,"Central dipolar topography, clear alpha peak (~10Hz) in spectrum, 1/f shape, time series looks neural."
SavedFiles/0206_VDaudio_ICA.set,11,muscle,brain,0.9,"Central dipolar topography, 1/f spectrum with a small alpha peak, time series is neural-like."
SavedFiles/0206_VDaudio_ICA.set,12,brain,brain,0.95,"Lateral/temporal dipolar topography, clear alpha peak, 1/f spectrum, time series is neural."
SavedFiles/0206_VDaudio_ICA.set,13,brain,brain,0.95,"Central dipolar topography, strong alpha peak, 1/f spectrum, neural time series."
SavedFiles/0206_VDaudio_ICA.set,14,brain,brain,0.95,"Lateral/temporal dipolar topography, alpha peak, 1/f spectrum, neural time series."
SavedFiles/0206_VDaudio_ICA.set,15,muscle,brain,0.9,"Central dipolar topography, alpha peak, 1/f spectrum, neural time series."
SavedFiles/0206_VDaudio_ICA.set,16,brain,brain,0.95,"Lateral/temporal dipolar topography, alpha peak, 1/f spectrum, neural time series."
SavedFiles/0206_VDaudio_ICA.set,17,brain,eye,0.85,"Frontal focus, slow large deflections in time series, low-frequency dominated spectrum."
SavedFiles/0206_VDaudio_ICA.set,18,brain,brain,0.95,"Lateral/temporal dipolar topography, alpha peak, 1/f spectrum, neural time series."
SavedFiles/0206_VDaudio_ICA.set,21,eye,brain,0.95,"Dipolar, lateral/temporal topography with clear alpha peak (~10Hz) and 1/f spectrum. No muscle-like high-frequency rise."
SavedFiles/0206_VDaudio_ICA.set,22,brain,brain,0.9,"Central dipolar pattern, 1/f spectrum with alpha peak. No muscle or eye features."
SavedFiles/0206_VDaudio_ICA.set,23,brain,brain,0.9,"Central/parietal dipolar topography, 1/f spectrum with alpha peak. No artifact features."
SavedFiles/0206_VDaudio_ICA.set,24,brain,brain,0.9,"Central dipolar topography, 1/f spectrum with alpha peak. No muscle or eye features."
SavedFiles/0206_VDaudio_ICA.set,25,brain,brain,0.95,"Lateral/temporal dipolar topography, clear alpha peak, 1/f spectrum. Not muscle (alpha present)."
SavedFiles/0206_VDaudio_ICA.set,26,eye,eye,0.95,"Frontal/periocular topography, low-frequency dominated spectrum, large slow deflections in time series. Classic eye artifact."
SavedFiles/0206_VDaudio_ICA.set,28,brain,brain,0.9,"Central dipolar topography, 1/f spectrum with alpha peak. No artifact features."
SavedFiles/0206_VDaudio_ICA.set,29,muscle,brain,0.9,"Central/parietal dipolar topography, 1/f spectrum with alpha peak. No artifact features."
SavedFiles/0206_VDaudio_ICA.set,30,other,brain,0.95,"Lateral/temporal dipolar topography, clear alpha peak, 1/f spectrum. Not muscle (alpha present)."
SavedFiles/0206_VDaudio_ICA.set,31,brain,brain,0.95,"Central dipolar topography, clear 1/f spectrum with alpha peak (~10Hz), clean time series."
SavedFiles/0206_VDaudio_ICA.set,32,muscle,muscle,0.95,"Edge/lateral topography, flat/rising high-frequency spectrum, no alpha peak, noisy time series."
SavedFiles/0206_VDaudio_ICA.set,33,brain,brain,0.9,"Central dipolar topography, 1/f spectrum with alpha peak, clean time series."
SavedFiles/0206_VDaudio_ICA.set,34,brain,brain,0.9,"Central dipolar topography, 1/f spectrum with alpha peak, clean time series."
SavedFiles/0206_VDaudio_ICA.set,35,eye,eye,0.98,"Frontal/periocular topography, large slow deflections in time series, low-frequency dominated spectrum."
SavedFiles/0206_VDaudio_ICA.set,37,brain,muscle,0.95,"Edge/lateral topography, flat/rising high-frequency spectrum, no alpha peak."
SavedFiles/0206_VDaudio_ICA.set,39,other,eye,0.98,"Frontal/periocular topography, large slow deflections in time series, low-frequency dominated spectrum."
SavedFiles/0206_VDaudio_ICA.set,40,muscle,channel_noise,0.95,"Single focal spot, flat/noisy spectrum, erratic time series."
SavedFiles/0206_VDaudio_ICA.set,41,channel,channel_noise,0.95,"Single focal spot, flat/noisy spectrum, erratic time series."
SavedFiles/0206_VDaudio_ICA.set,45,channel,muscle,0.95,Edge/lateral topography and a flat/rising high-frequency spectrum without a clear alpha peak. Time series is noisy/erratic.
SavedFiles/0206_VDaudio_ICA.set,46,brain,eye,0.95,"Very frontal topography, low-frequency dominated spectrum, and large slow deflections in the time series. Classic eye artifact."
SavedFiles/0206_VDaudio_ICA.set,47,brain,muscle,0.9,Edge/lateral topography and a flat/rising high-frequency spectrum without a clear alpha peak. Time series is noisy/erratic.
SavedFiles/0206_VDaudio_ICA.set,51,muscle,brain,0.85,"Central dipolar topography, 1/f spectrum with a possible alpha peak, and no artifact features. Time series is not erratic."
SavedFiles/0206_VDaudio_ICA.set,52,other,muscle,0.95,Edge/lateral topography and a flat/rising high-frequency spectrum without a clear alpha peak. Time series is noisy/erratic.
SavedFiles/0206_VDaudio_ICA.set,53,channel,brain,0.8,"Central dipolar topography, 1/f spectrum with a possible alpha peak, and no artifact features. Time series is not erratic."
SavedFiles/0206_VDaudio_ICA.set,54,other,brain,0.8,"Central dipolar topography, 1/f spectrum with a possible alpha peak, and no artifact features. Time series is not erratic."
SavedFiles/0206_VDaudio_ICA.set,55,other,eye,0.9,"Frontal topography, low-frequency dominated spectrum, and large slow deflections in the time series. Classic eye artifact."
SavedFiles/0206_VDaudio_ICA.set,57,other,brain,0.8,"Central dipolar topography, 1/f spectrum with a possible alpha peak, and no artifact features. Time series is not erratic."
SavedFiles/0206_VDaudio_ICA.set,59,other,muscle,0.95,Edge/lateral topography and a flat/rising high-frequency spectrum with no clear alpha peak; classic muscle artifact.
SavedFiles/0206_VDaudio_ICA.set,60,muscle,brain,0.85,"Central dipolar topography, 1/f spectrum with a possible alpha peak; typical of brain activity."
SavedFiles/0206_VDaudio_ICA.set,62,other,muscle,0.95,"Edge/lateral topography and a flat/rising high-frequency spectrum; no alpha peak, consistent with muscle artifact."
SavedFiles/0206_VDaudio_ICA.set,63,channel,eye,0.95,"Frontal topography, large slow deflections in time series, and low-frequency dominated spectrum; classic eye artifact."
SavedFiles/0206_VDaudio_ICA.set,64,muscle,muscle,0.95,"Edge/lateral topography and a flat/rising high-frequency spectrum; no alpha peak, consistent with muscle artifact."
SavedFiles/0206_VDaudio_ICA.set,65,other,muscle,0.95,"Edge/lateral topography and a flat/rising high-frequency spectrum; no alpha peak, consistent with muscle artifact."
SavedFiles/0206_VDaudio_ICA.set,66,other,brain,0.85,"Central dipolar topography, 1/f spectrum with possible alpha peak; typical of brain activity."
SavedFiles/0206_VDaudio_ICA.set,68,channel,brain,0.85,"Central dipolar topography, 1/f spectrum with possible alpha peak; typical of brain activity."
SavedFiles/0206_VDaudio_ICA.set,69,muscle,muscle,0.95,"Edge/lateral topography and a flat/rising high-frequency spectrum; no alpha peak, consistent with muscle artifact."
SavedFiles/0206_VDaudio_ICA.set,70,other,muscle,0.95,Edge/lateralized topography and a flat/rising high-frequency spectrum without an alpha peak.
SavedFiles/0206_VDaudio_ICA.set,71,other,brain,0.9,"Central dipolar topography, clear 1/f spectrum with an alpha peak around 10Hz."
SavedFiles/0206_VDaudio_ICA.set,72,other,muscle,0.95,Edge/lateralized topography and a flat/rising high-frequency spectrum without an alpha peak.
SavedFiles/0206_VDaudio_ICA.set,73,other,brain,0.9,"Central dipolar topography, 1/f spectrum with a visible alpha peak."
SavedFiles/0206_VDaudio_ICA.set,74,other,eye,0.95,"Frontal/periocular topography, low-frequency dominated spectrum, and large slow deflections in the time series."
SavedFiles/0206_VDaudio_ICA.set,75,channel,brain,0.9,"Central dipolar topography, 1/f spectrum, and alpha peak."
SavedFiles/0206_VDaudio_ICA.set,77,muscle,muscle,0.95,Edge/lateralized topography and a flat/rising high-frequency spectrum without an alpha peak.
SavedFiles/0206_VDaudio_ICA.set,79,other,brain,0.9,"Central dipolar topography, 1/f spectrum, and alpha peak."
SavedFiles/0206_VDaudio_ICA.set,80,eye,muscle,0.95,Edge/lateralized topography and a flat/rising high-frequency spectrum without an alpha peak.
SavedFiles/0206_VDaudio_ICA.set,82,eye,eye,0.95,"Frontal/periocular topography, large slow deflection in time series, low-frequency dominated spectrum."
SavedFiles/0206_VDaudio_ICA.set,83,other,brain,0.9,"Central dipolar topography, clear alpha peak in spectrum, 1/f shape."
SavedFiles/0206_VDaudio_ICA.set,84,muscle,brain,0.85,"Parietal dipolar topography, alpha peak in spectrum, 1/f shape."
SavedFiles/0206_VDaudio_ICA.set,85,muscle,brain,0.85,"Central dipolar topography, alpha peak in spectrum, 1/f shape."
SavedFiles/0206_VDaudio_ICA.set,86,muscle,brain,0.8,"Lateral/temporal dipolar topography, alpha peak in spectrum, 1/f shape."
SavedFiles/0206_VDaudio_ICA.set,87,eye,muscle,0.95,"Edge-focused topography, flat/rising high-frequency spectrum, no alpha peak."
SavedFiles/0206_VDaudio_ICA.set,88,other,brain,0.8,"Central dipolar topography, alpha peak in spectrum, 1/f shape."
SavedFiles/0206_VDaudio_ICA.set,89,other,brain,0.8,"Central dipolar topography, alpha peak in spectrum, 1/f shape."
SavedFiles/0206_VDaudio_ICA.set,90,other,muscle,0.95,"Edge/lateral topography, flat/rising high-frequency spectrum, no alpha peak."
SavedFiles/0206_VDaudio_ICA.set,91,other,brain,0.95,"Dipolar, lateral/temporal topography, clear 1/f spectrum with an alpha peak (~10Hz), no muscle or eye features."
SavedFiles/0206_VDaudio_ICA.set,93,eye,brain,0.9,"Central dipolar topography, 1/f spectrum with a visible alpha peak, no artifact features."
SavedFiles/0206_VDaudio_ICA.set,94,muscle,brain,0.9,"Central dipolar topography, 1/f spectrum with an alpha peak, time series and ERP image are consistent with brain."
SavedFiles/0206_VDaudio_ICA.set,95,other,brain,0.9,"Central/parietal dipolar topography, 1/f spectrum with an alpha peak, no artifact features."
SavedFiles/0206_VDaudio_ICA.set,96,other,brain,0.95,"Lateral/temporal dipolar topography, 1/f spectrum with a clear alpha peak, not muscle (no high-frequency rise)."
SavedFiles/0206_VDaudio_ICA.set,97,muscle,channel_noise,0.95,"Single isolated focal spot on topography, flat/noisy spectrum, erratic time series, fits channel noise."
SavedFiles/0206_VDaudio_ICA.set,98,channel,brain,0.9,"Central dipolar topography, 1/f spectrum with an alpha peak, no artifact features."
SavedFiles/0206_VDaudio_ICA.set,100,eye,channel_noise,0.95,"Single focal spot on topography, flat/noisy spectrum, erratic time series, fits channel noise."
SavedFiles/0206_VDaudio_ICA.set,101,channel,channel_noise,0.95,"Single focal spot on topography, flat/noisy spectrum, erratic time series, fits channel noise."
SavedFiles/0206_VDaudio_ICA.set,102,other,muscle,0.95,Edge/lateral topography and power spectrum shows a flat/rising high-frequency component without a clear alpha peak.
SavedFiles/0206_VDaudio_ICA.set,103,channel,brain,0.9,"Central dipolar topography, 1/f spectrum with a visible alpha peak around 10 Hz."
SavedFiles/0206_VDaudio_ICA.set,104,other,muscle,0.95,"Edge/lateral topography and power spectrum shows high-frequency activity, no alpha peak."
SavedFiles/0206_VDaudio_ICA.set,105,other,brain,0.9,"Central dipolar topography, 1/f spectrum with a visible alpha peak."
SavedFiles/0206_VDaudio_ICA.set,106,eye,eye,0.95,"Frontal/periocular topography, large slow deflection in time series, spectrum dominated by low frequencies."
SavedFiles/0206_VDaudio_ICA.set,107,eye,brain,0.9,"Central dipolar topography, 1/f spectrum with a visible alpha peak."
SavedFiles/0206_VDaudio_ICA.set,108,other,brain,0.9,"Central/parietal dipolar topography, 1/f spectrum with a visible alpha peak."
SavedFiles/0206_VDaudio_ICA.set,109,other,brain,0.9,"Central dipolar topography, 1/f spectrum with a visible alpha peak."
SavedFiles/0206_VDaudio_ICA.set,111,muscle,channel_noise,0.95,"Single focal spot on topography, flat/noisy spectrum, erratic time series."
SavedFiles/0206_VDnoaudio_ICA.set,0,eye,brain,0.95,"Central dipolar topography, clear 1/f spectrum with alpha peak (~10Hz), no artifact features."
SavedFiles/0206_VDnoaudio_ICA.set,1,heart,eye,1.0,"Frontal/periocular topography, large slow deflections in time series, low-frequency dominated spectrum."
SavedFiles/0206_VDnoaudio_ICA.set,2,heart,eye,1.0,"Frontal/periocular topography, large slow deflections in time series, low-frequency dominated spectrum."
SavedFiles/0206_VDnoaudio_ICA.set,3,eye,brain,0.9,"Lateral dipolar topography, 1/f spectrum with possible weak alpha, no artifact features."
SavedFiles/0206_VDnoaudio_ICA.set,4,brain,brain,0.95,"Central dipolar topography, 1/f spectrum with alpha peak, clean time series."
SavedFiles/0206_VDnoaudio_ICA.set,5,eye,brain,0.9,"Lateral/temporal dipolar topography, 1/f spectrum with possible weak alpha, no artifact features."
SavedFiles/0206_VDnoaudio_ICA.set,6,brain,brain,0.95,"Central dipolar topography, 1/f spectrum with alpha peak, clean time series."
SavedFiles/0206_VDnoaudio_ICA.set,7,brain,brain,0.95,"Central dipolar topography, 1/f spectrum with alpha peak, clean time series."
SavedFiles/0206_VDnoaudio_ICA.set,8,brain,brain,0.95,"Central dipolar topography, 1/f spectrum with alpha peak, clean time series."
SavedFiles/0206_VDnoaudio_ICA.set,9,muscle,brain,0.9,"Central dipolar topography, clear 1/f spectrum with alpha peak (~10Hz), no artifact features."
SavedFiles/0206_VDnoaudio_ICA.set,10,brain,brain,0.85,"Left-central dipolar pattern, 1/f spectrum with alpha peak, no muscle or eye artifact features."
SavedFiles/0206_VDnoaudio_ICA.set,11,brain,brain,0.9,"Central dipolar pattern, 1/f spectrum with alpha peak, typical brain IC."
SavedFiles/0206_VDnoaudio_ICA.set,12,brain,brain,0.85,"Left-central dipolar topography, 1/f spectrum with alpha peak, no artifact features."
SavedFiles/0206_VDnoaudio_ICA.set,13,brain,brain,0.9,"Central dipolar pattern, 1/f spectrum with alpha peak, typical brain IC."
SavedFiles/0206_VDnoaudio_ICA.set,14,muscle,brain,0.8,"Central dipolar pattern, 1/f spectrum with slight alpha, no artifact features."
SavedFiles/0206_VDnoaudio_ICA.set,15,brain,brain,0.85,"Left-central dipolar topography, 1/f spectrum with alpha peak, no artifact features."
SavedFiles/0206_VDnoaudio_ICA.set,16,eye,brain,0.8,"Central dipolar pattern, 1/f spectrum with alpha peak, no artifact features."
SavedFiles/0206_VDnoaudio_ICA.set,17,muscle,brain,0.8,"Central dipolar pattern, 1/f spectrum with alpha peak, no artifact features."
SavedFiles/0206_VDnoaudio_ICA.set,18,eye,eye,0.95,"Frontal/periocular topography, strong low-frequency power, large slow deflections in time series."
SavedFiles/0206_VDnoaudio_ICA.set,19,eye,eye,0.95,"Frontal/periocular topography, low-frequency dominated spectrum, large slow deflections in time series."
SavedFiles/0206_VDnoaudio_ICA.set,22,brain,brain,0.85,"Lateral/temporal dipolar topography, 1/f spectrum with possible alpha peak, no artifact features."
SavedFiles/0206_VDnoaudio_ICA.set,23,brain,brain,0.85,"Central dipolar pattern, 1/f spectrum with alpha peak, no artifact features."
SavedFiles/0206_VDnoaudio_ICA.set,24,channel,muscle,0.95,"Edge-focused topography, flat/rising high-frequency spectrum, no alpha peak."
SavedFiles/0206_VDnoaudio_ICA.set,26,eye,brain,0.85,"Central dipolar topography, 1/f spectrum with alpha peak, no artifact features."
SavedFiles/0206_VDnoaudio_ICA.set,30,muscle,channel_noise,0.95,"Single isolated focal spot, flat/noisy spectrum, erratic time series."
SavedFiles/0206_VDnoaudio_ICA.set,31,brain,brain,0.85,"Bilateral/central dipolar topography, 1/f spectrum with alpha peak, no artifact features."
SavedFiles/0206_VDnoaudio_ICA.set,32,brain,brain,0.85,"Central dipolar topography, 1/f spectrum with alpha peak, no artifact features."
SavedFiles/0206_VDnoaudio_ICA.set,33,muscle,brain,0.95,"Dipolar, lateral/temporal topography, clear 1/f spectrum with alpha peak (~10Hz), no muscle or eye features."
SavedFiles/0206_VDnoaudio_ICA.set,34,brain,brain,0.95,"Dipolar, central/parietal topography, 1/f spectrum with alpha peak, no artifact features."
SavedFiles/0206_VDnoaudio_ICA.set,35,channel,channel_noise,0.95,"Single focal spot on topography, flat/noisy spectrum, erratic time series."
SavedFiles/0206_VDnoaudio_ICA.set,36,muscle,channel_noise,0.95,"Single focal spot, flat/noisy spectrum, erratic time series, fits channel noise."
SavedFiles/0206_VDnoaudio_ICA.set,37,brain,brain,0.95,"Dipolar, lateral/temporal topography, 1/f spectrum with alpha peak, no artifact features."
SavedFiles/0206_VDnoaudio_ICA.set,38,other,brain,0.95,"Dipolar, lateral/temporal topography, 1/f spectrum with alpha peak, no artifact features."
SavedFiles/0206_VDnoaudio_ICA.set,40,brain,brain,0.95,"Dipolar, lateral/temporal topography, 1/f spectrum with alpha peak, no artifact features."
SavedFiles/0206_VDnoaudio_ICA.set,41,brain,brain,0.95,"Dipolar, central/parietal topography, 1/f spectrum with alpha peak, no artifact features."
SavedFiles/0206_VDnoaudio_ICA.set,44,eye,brain,0.95,"Dipolar, lateral/temporal topography, 1/f spectrum with alpha peak, no artifact features."
SavedFiles/0206_VDnoaudio_ICA.set,45,muscle,brain,0.9,"Dipolar, lateral/temporal topography with clear alpha peak (8-12Hz) and 1/f spectrum. No muscle features."
SavedFiles/0206_VDnoaudio_ICA.set,47,muscle,channel_noise,0.95,"Single isolated focal spot, flat/noisy spectrum, erratic time series. Classic channel noise."
SavedFiles/0206_VDnoaudio_ICA.set,48,other,muscle,0.85,Edge-focused topography and rising high-frequency spectrum (no alpha peak). Time series is noisy.
SavedFiles/0206_VDnoaudio_ICA.set,49,muscle,muscle,0.85,"Edge-focused topography and rising high-frequency spectrum, no clear alpha peak. Time series is noisy."
SavedFiles/0206_VDnoaudio_ICA.set,50,channel,eye,0.95,"Frontal focus, low-frequency dominated spectrum, large slow deflections in time series. Classic eye artifact."
SavedFiles/0206_VDnoaudio_ICA.set,51,other,brain,0.9,"Dipolar, central/parietal topography with 1/f spectrum and alpha peak. No artifact features."
SavedFiles/0206_VDnoaudio_ICA.set,52,muscle,brain,0.9,"Dipolar, central/parietal topography, 1/f spectrum with alpha peak. No artifact features."
SavedFiles/0206_VDnoaudio_ICA.set,54,muscle,muscle,0.85,"Edge-focused topography and rising high-frequency spectrum, no alpha peak. Time series is noisy."
SavedFiles/0206_VDnoaudio_ICA.set,55,other,brain,0.9,"Dipolar, central/parietal topography, 1/f spectrum with alpha peak. No artifact features."
SavedFiles/0206_VDnoaudio_ICA.set,56,muscle,brain,0.95,"Central dipolar topography, clear 1/f spectrum with a visible alpha peak (~10Hz), time series is typical for brain."
SavedFiles/0206_VDnoaudio_ICA.set,57,other,muscle,0.95,"Edge/lateral topography, flat/rising high-frequency spectrum (no alpha peak), time series is noisy—classic muscle artifact."
SavedFiles/0206_VDnoaudio_ICA.set,58,channel,channel_noise,0.95,"Single focal spot on topography, flat/noisy spectrum, erratic time series—fits channel noise."
SavedFiles/0206_VDnoaudio_ICA.set,61,other,brain,0.9,"Central dipolar topography, 1/f spectrum with a small alpha peak, time series is typical for brain."
SavedFiles/0206_VDnoaudio_ICA.set,62,other,eye,0.95,"Frontal/periocular topography, low-frequency dominated spectrum, large slow deflections in time series—fits eye artifact."
SavedFiles/0206_VDnoaudio_ICA.set,63,other,muscle,0.9,"Edge/lateral topography, rising high-frequency spectrum, no alpha peak—muscle artifact."
SavedFiles/0206_VDnoaudio_ICA.set,64,eye,brain,0.95,"Central dipolar topography, clear 1/f spectrum with alpha peak, time series is typical for brain."
SavedFiles/0206_VDnoaudio_ICA.set,65,brain,eye,0.9,"Frontal/periocular topography, low-frequency dominated spectrum, large slow deflections in time series—eye artifact."
SavedFiles/0206_VDnoaudio_ICA.set,66,other,brain,0.9,"Central dipolar topography, 1/f spectrum with a small alpha peak, time series is typical for brain."
SavedFiles/0206_VDnoaudio_ICA.set,67,muscle,muscle,0.95,Edge/lateral topography and a flat/rising high-frequency spectrum without a clear alpha peak. Time series is noisy/erratic.
SavedFiles/0206_VDnoaudio_ICA.set,68,eye,eye,0.95,"Frontal/periocular topography, low-frequency dominated spectrum, and large slow deflections in the time series."
SavedFiles/0206_VDnoaudio_ICA.set,69,other,brain,0.9,"Central dipolar topography, 1/f spectrum with a visible alpha peak, and clean time series."
SavedFiles/0206_VDnoaudio_ICA.set,70,eye,eye,0.95,"Frontal focus, low-frequency dominated spectrum, and large slow deflections in the time series."
SavedFiles/0206_VDnoaudio_ICA.set,71,other,muscle,0.9,"Edge/lateral topography and flat/rising high-frequency spectrum, no clear alpha peak."
SavedFiles/0206_VDnoaudio_ICA.set,72,eye,brain,0.85,"Central dipolar topography, 1/f spectrum with a possible alpha peak, and clean time series."
SavedFiles/0206_VDnoaudio_ICA.set,73,muscle,brain,0.9,"Central dipolar topography, 1/f spectrum with a visible alpha peak, and clean time series."
SavedFiles/0206_VDnoaudio_ICA.set,74,muscle,muscle,0.95,"Edge/lateral topography and flat/rising high-frequency spectrum, no clear alpha peak."
SavedFiles/0206_VDnoaudio_ICA.set,75,other,brain,0.85,"Central dipolar topography, 1/f spectrum with a possible alpha peak, and clean time series."
SavedFiles/0206_VDnoaudio_ICA.set,78,muscle,brain,0.95,"Central dipolar topography, clear 1/f spectrum with an alpha peak (~10Hz), clean time series."
SavedFiles/0206_VDnoaudio_ICA.set,81,eye,eye,0.95,"Strong frontal/periocular focus, low-frequency dominated spectrum, large slow deflections in time series."
SavedFiles/0206_VDnoaudio_ICA.set,82,other,brain,0.9,"Central dipolar topography, 1/f spectrum with a visible alpha peak, typical brain-like time series."
SavedFiles/0206_VDnoaudio_ICA.set,87,channel,brain,0.9,"Central dipolar topography, 1/f spectrum with alpha peak, clean time series."
SavedFiles/0206_VDnoaudio_ICA.set,88,eye,brain,0.9,"Lateral/temporal dipolar topography, 1/f spectrum with alpha peak, typical brain activity."
SavedFiles/0206_VDnoaudio_ICA.set,91,eye,eye,0.95,"Frontal/periocular focus, low-frequency dominated spectrum, large slow deflections in time series."
SavedFiles/0206_VDnoaudio_ICA.set,92,other,brain,0.9,"Lateral/temporal dipolar topography, 1/f spectrum with alpha peak, typical brain activity."
SavedFiles/0206_VDnoaudio_ICA.set,93,other,brain,0.9,"Central dipolar topography, 1/f spectrum with alpha peak, typical brain-like time series."
SavedFiles/0206_VDnoaudio_ICA.set,95,muscle,brain,0.9,"Lateral/temporal dipolar topography, 1/f spectrum with alpha peak, typical brain activity."
SavedFiles/0206_VDnoaudio_ICA.set,96,other,channel_noise,0.95,"Topography shows a single isolated focal spot, spectrum is flat/noisy, and the time series is erratic/random. Fits channel noise criteria."
SavedFiles/0206_VDnoaudio_ICA.set,97,eye,channel_noise,0.95,"Topography shows a single isolated focal spot, spectrum is flat/noisy, and the time series is erratic/random. Fits channel noise criteria."
SavedFiles/0206_VDnoaudio_ICA.set,98,other,channel_noise,0.95,"Topography shows a single isolated focal spot, spectrum is flat/noisy, and the time series is erratic/random. Fits channel noise criteria."
SavedFiles/0206_VDnoaudio_ICA.set,99,other,channel_noise,0.95,"Topography shows a single isolated focal spot, spectrum is flat/noisy, and the time series is erratic/random. Fits channel noise criteria."
SavedFiles/0589_VDAudio_ICA.set,0,muscle,brain,0.9,"Central dipolar topography, clear alpha peak (~10Hz) in spectrum, 1/f shape. No artifact features."
SavedFiles/0589_VDAudio_ICA.set,1,eye,eye,1.0,"Frontal/periocular topography, large slow deflections in time series, low-frequency dominated spectrum (<4Hz). Classic eye blink/movement."
SavedFiles/0589_VDAudio_ICA.set,2,brain,brain,0.9,"Central-parietal dipolar topography, 1/f spectrum with clear alpha peak (~10Hz). No artifact features."
SavedFiles/0589_VDAudio_ICA.set,3,brain,brain,0.9,"Central dipolar topography, 1/f spectrum with alpha peak. Time series and ERP image look neural."
SavedFiles/0589_VDAudio_ICA.set,4,brain,brain,0.8,"Lateral/temporal dipolar topography, 1/f spectrum with alpha peak. No muscle or artifact features."
SavedFiles/0589_VDAudio_ICA.set,5,brain,brain,0.8,"Lateral/temporal dipolar topography, 1/f spectrum with alpha peak. No muscle or artifact features."
SavedFiles/0589_VDAudio_ICA.set,6,heart,heart,0.8,"Broad scalp distribution, ~1Hz rhythmic deflections in time series, fits heart artifact."
SavedFiles/0589_VDAudio_ICA.set,7,eye,eye,1.0,"Frontal/periocular topography, large slow deflections in time series, low-frequency dominated spectrum. Classic eye movement."
SavedFiles/0589_VDAudio_ICA.set,8,muscle,channel_noise,0.9,"Single focal spot in topography, flat/noisy spectrum, erratic time series. Classic channel noise."
SavedFiles/0589_VDAudio_ICA.set,9,muscle,brain,0.95,"Dipolar, lateral/temporal topography with clear alpha peak (8-12Hz) and 1/f spectrum; time series is not erratic."
SavedFiles/0589_VDAudio_ICA.set,10,brain,eye,0.95,"Frontal/periocular topography, low-frequency dominated spectrum, and large slow deflections in time series."
SavedFiles/0589_VDAudio_ICA.set,11,muscle,brain,0.9,"Central dipolar topography, 1/f spectrum with possible low alpha, time series is not erratic."
SavedFiles/0589_VDAudio_ICA.set,12,muscle,brain,0.95,"Parietal dipolar topography, clear alpha peak, and 1/f spectrum."
SavedFiles/0589_VDAudio_ICA.set,14,muscle,brain,0.9,"Lateral/temporal dipolar topography, alpha peak, and 1/f spectrum."
SavedFiles/0589_VDAudio_ICA.set,15,brain,muscle,0.95,Edge-focused topography and flat/rising high-frequency spectrum (no alpha peak).
SavedFiles/0589_VDAudio_ICA.set,16,muscle,muscle,0.95,Edge-focused topography and flat/rising high-frequency spectrum (no alpha peak).
SavedFiles/0589_VDAudio_ICA.set,17,brain,brain,0.9,"Central dipolar topography, 1/f spectrum with possible alpha, time series is not erratic."
SavedFiles/0589_VDAudio_ICA.set,18,muscle,brain,0.9,"Lateral/temporal dipolar topography, 1/f spectrum, possible weak alpha."
SavedFiles/0589_VDAudio_ICA.set,21,eye,muscle,0.95,Edge/lateral topography and a flat/rising high-frequency spectrum without an alpha peak; time series is noisy.
SavedFiles/0589_VDAudio_ICA.set,22,brain,brain,0.95,"Central dipolar topography, clear alpha peak (~10Hz) in the spectrum, and 1/f pattern."
SavedFiles/0589_VDAudio_ICA.set,23,brain,muscle,0.9,Edge/lateral topography and a flat/rising high-frequency spectrum; no alpha peak.
SavedFiles/0589_VDAudio_ICA.set,24,muscle,brain,0.9,"Central/parietal dipolar topography, 1/f spectrum with a possible weak alpha peak."
SavedFiles/0589_VDAudio_ICA.set,25,muscle,brain,0.9,"Central dipolar topography, 1/f spectrum, possible weak alpha peak."
SavedFiles/0589_VDAudio_ICA.set,26,other,brain,0.9,"Central/parietal dipolar topography, 1/f spectrum, possible weak alpha peak."
SavedFiles/0589_VDAudio_ICA.set,28,brain,muscle,0.95,Edge/lateral topography and a flat/rising high-frequency spectrum; no alpha peak.
SavedFiles/0589_VDAudio_ICA.set,29,brain,brain,0.9,"Central/parietal dipolar topography, 1/f spectrum, possible weak alpha peak."
SavedFiles/0589_VDAudio_ICA.set,30,eye,channel_noise,0.95,"Single focal spot in topography, flat/noisy spectrum, erratic time series."
SavedFiles/0589_VDAudio_ICA.set,31,brain,brain,0.9,"Dipolar, lateral/temporal topography; clear 1/f spectrum with alpha peak; no muscle or eye features."
SavedFiles/0589_VDAudio_ICA.set,32,other,brain,0.9,"Dipolar, central/parietal topography; 1/f spectrum with alpha peak; no artifact features."
SavedFiles/0589_VDAudio_ICA.set,33,brain,brain,0.9,"Dipolar, central topography; 1/f spectrum with alpha peak; no artifact features."
SavedFiles/0589_VDAudio_ICA.set,34,other,brain,0.9,"Dipolar, central/parietal topography; 1/f spectrum with alpha peak; no artifact features."
SavedFiles/0589_VDAudio_ICA.set,37,brain,brain,0.9,"Dipolar, central/parietal topography; 1/f spectrum with alpha peak; no artifact features."
SavedFiles/0589_VDAudio_ICA.set,38,muscle,brain,0.9,"Dipolar, lateral/temporal topography; 1/f spectrum with alpha peak; no artifact features."
SavedFiles/0589_VDAudio_ICA.set,39,brain,brain,0.9,"Dipolar, central/parietal topography; 1/f spectrum with alpha peak; no artifact features."
SavedFiles/0589_VDAudio_ICA.set,42,other,brain,0.9,"Dipolar, central/parietal topography; 1/f spectrum with alpha peak; no artifact features."
SavedFiles/0589_VDAudio_ICA.set,45,other,brain,0.9,"Dipolar, central/parietal topography; 1/f spectrum with alpha peak; no artifact features."
SavedFiles/0589_VDAudio_ICA.set,48,other,brain,0.95,"Dipolar, central/parietal topography, clear 1/f spectrum with alpha peak (~10Hz), no artifact features."
SavedFiles/0589_VDAudio_ICA.set,55,muscle,channel_noise,0.95,"Single isolated focal spot on topography, flat/noisy spectrum, erratic time series."
SavedFiles/0589_VDAudio_ICA.set,57,other,brain,0.9,"Dipolar, lateral/temporal topography, 1/f spectrum with alpha peak, no artifact features."
SavedFiles/0589_VDAudio_ICA.set,58,other,brain,0.9,"Dipolar, central topography, 1/f spectrum with alpha peak, no artifact features."
SavedFiles/0589_VDAudio_ICA.set,62,other,brain,0.9,"Dipolar, parietal/central topography, 1/f spectrum with alpha peak, no artifact features."
SavedFiles/0589_VDAudio_ICA.set,63,other,brain,0.9,"Dipolar, central/parietal topography, 1/f spectrum with alpha peak, no artifact features."
SavedFiles/0589_VDAudio_ICA.set,66,other,brain,0.9,"Dipolar, central/lateral topography, 1/f spectrum with alpha peak, no artifact features."
SavedFiles/0589_VDAudio_ICA.set,69,muscle,brain,0.9,"Dipolar, central/parietal topography, 1/f spectrum with alpha peak, no artifact features."
SavedFiles/0589_VDAudio_ICA.set,70,other,brain,0.9,"Dipolar, central/parietal topography, 1/f spectrum with alpha peak, no artifact features."
SavedFiles/0589_VDAudio_ICA.set,73,muscle,muscle,0.95,Edge/lateralized topography and rising/flat high-frequency spectrum with no alpha peak. Time series is noisy/erratic.
SavedFiles/0589_VDAudio_ICA.set,74,muscle,brain,0.85,"Central dipolar topography, 1/f spectrum with a possible alpha peak, and clean time series."
SavedFiles/0589_VDAudio_ICA.set,75,other,muscle,0.95,"Edge/lateralized topography and flat/rising high-frequency spectrum, no alpha peak, noisy time series."
SavedFiles/0589_VDAudio_ICA.set,78,other,muscle,0.95,"Edge/lateralized topography, flat/rising high-frequency spectrum, no alpha peak, noisy time series."
SavedFiles/0589_VDAudio_ICA.set,83,other,brain,0.9,"Central dipolar topography, 1/f spectrum with a visible alpha peak, clean time series."
SavedFiles/0589_VDAudio_ICA.set,84,eye,brain,0.85,"Central dipolar topography, 1/f spectrum with possible alpha/beta peak, clean time series."
SavedFiles/0589_VDAudio_ICA.set,85,muscle,muscle,0.95,"Edge/lateralized topography, flat/rising high-frequency spectrum, no alpha peak, noisy time series."
SavedFiles/0589_VDAudio_ICA.set,86,other,brain,0.85,"Central dipolar topography, 1/f spectrum with possible alpha peak, clean time series."
SavedFiles/0589_VDAudio_ICA.set,87,other,muscle,0.95,"Edge/lateralized topography, flat/rising high-frequency spectrum, no alpha peak, noisy time series."
SavedFiles/0589_VDAudio_ICA.set,88,other,brain,0.9,"Dipolar, central-parietal topography, clear 1/f spectrum with alpha peak (~10Hz), no muscle or eye features."
SavedFiles/0589_VDAudio_ICA.set,89,muscle,brain,0.85,"Dipolar, lateral/temporal topography, 1/f spectrum with a visible alpha peak, no muscle or eye features."
SavedFiles/0589_VDAudio_ICA.set,91,other,brain,0.9,"Dipolar, central topography, 1/f spectrum with alpha peak, no muscle or eye features."
SavedFiles/0589_VDAudio_ICA.set,93,other,brain,0.9,"Dipolar, central-parietal topography, 1/f spectrum with alpha peak, no muscle or eye features."
SavedFiles/0589_VDAudio_ICA.set,94,other,brain,0.9,"Dipolar, central topography, 1/f spectrum with alpha peak, no muscle or eye features."
SavedFiles/0589_VDAudio_ICA.set,96,muscle,muscle,0.95,"Edge/lateral topography, flat/rising high-frequency spectrum, no alpha peak, consistent with muscle artifact."
SavedFiles/0589_VDAudio_ICA.set,99,other,brain,0.85,"Dipolar, central-parietal topography, 1/f spectrum with alpha peak, no muscle or eye features."
SavedFiles/0589_VDAudio_ICA.set,100,other,brain,0.85,"Dipolar, central-parietal topography, 1/f spectrum with alpha peak, no muscle or eye features."
SavedFiles/0589_VDAudio_ICA.set,101,other,brain,0.8,"Dipolar, central topography, 1/f spectrum with a possible low alpha peak, no muscle or eye features."
SavedFiles/0589_VDAudio_ICA.set,102,other,muscle,0.95,Edge/lateralized topography and a flat/rising high-frequency spectrum with no alpha peak. Time series is noisy/erratic.
SavedFiles/0589_VDAudio_ICA.set,103,other,brain,0.8,"Central dipolar topography, 1/f spectrum with a possible low alpha/beta bump, and no artifact features."
SavedFiles/0589_VDAudio_ICA.set,104,muscle,brain,0.9,"Central dipolar topography, clear alpha peak in the spectrum, and clean time series."
SavedFiles/0589_VDAudio_ICA.set,105,other,brain,0.8,"Central/parietal dipolar topography, 1/f spectrum with possible weak alpha, and no artifact features."
SavedFiles/0589_VDAudio_ICA.set,107,other,brain,0.8,"Central dipolar topography, 1/f spectrum, no clear artifact features."
SavedFiles/0589_VDAudio_ICA.set,109,other,brain,0.8,"Central dipolar topography, 1/f spectrum, no clear artifact features."
SavedFiles/0589_VDAudio_ICA.set,110,muscle,brain,0.85,"Central dipolar topography, 1/f spectrum, possible weak alpha, no artifact features."
SavedFiles/0589_VDAudio_ICA.set,111,channel,brain,0.8,"Central dipolar topography, 1/f spectrum, no artifact features."
SavedFiles/0589_VDAudio_ICA.set,112,other,brain,0.8,"Central dipolar topography, 1/f spectrum, no artifact features."
SavedFiles/0589_VDAudio_ICA.set,113,channel,brain,0.95,"Central dipolar topography, clear 1/f spectrum with possible alpha peak, no strong artifact features."
SavedFiles/0589_VDAudio_ICA.set,115,channel,brain,0.9,"Lateral/temporal dipolar topography, 1/f spectrum with possible alpha/beta peak, no high-frequency muscle or eye features."
SavedFiles/0589_VDAudio_ICA.set,117,other,brain,0.9,"Central dipolar topography, 1/f spectrum, no artifact features, possible weak alpha peak."
SavedFiles/0589_VDAudio_ICA.set,118,muscle,channel_noise,0.95,"Single focal spot on topography, flat/noisy spectrum, erratic time series, fits channel noise."
SavedFiles/0589_VDAudio_ICA.set,120,muscle,brain,0.85,"Lateral dipolar topography, 1/f spectrum, no strong artifact features, possible weak alpha/beta peak."
SavedFiles/0589_VDAudio_ICA.set,121,channel,brain,0.85,"Lateral/edge dipolar topography, 1/f spectrum, no high-frequency muscle or eye features."
SavedFiles/0604_VDaudio_ICA.set,0,eye,brain,0.95,"Central dipolar topography, clear 1/f spectrum with alpha peak, no artifact features."
SavedFiles/0604_VDaudio_ICA.set,1,brain,brain,0.95,"Parietal/central dipolar topography, 1/f spectrum with alpha peak, no artifact features."
SavedFiles/0604_VDaudio_ICA.set,2,heart,eye,0.95,"Frontal focus, large slow deflections in time series, low-frequency dominated spectrum."
SavedFiles/0604_VDaudio_ICA.set,3,eye,muscle,0.95,"Edge/lateral topography, flat/rising high-frequency spectrum, no alpha peak."
SavedFiles/0604_VDaudio_ICA.set,4,eye,brain,0.9,"Lateral/temporal dipolar topography, 1/f spectrum with alpha peak, fits brain (not muscle)."
SavedFiles/0604_VDaudio_ICA.set,5,brain,eye,0.95,"Frontal focus, large slow deflections in time series, low-frequency dominated spectrum."
SavedFiles/0604_VDaudio_ICA.set,6,brain,muscle,0.95,"Edge/lateral topography, flat/rising high-frequency spectrum, no alpha peak."
SavedFiles/0604_VDaudio_ICA.set,7,eye,eye,0.95,"Frontal focus, large slow deflections in time series, low-frequency dominated spectrum."
SavedFiles/0604_VDaudio_ICA.set,8,brain,brain,0.9,"Central/parietal dipolar topography, 1/f spectrum with alpha peak, no artifact features."
SavedFiles/0604_VDaudio_ICA.set,9,brain,brain,0.95,"Central dipolar topography, clear 1/f spectrum with alpha peak (~10Hz), no artifact features."
SavedFiles/0604_VDaudio_ICA.set,10,brain,brain,0.95,"Lateral dipolar pattern, 1/f spectrum with alpha peak, no muscle or eye features."
SavedFiles/0604_VDaudio_ICA.set,11,brain,brain,0.95,"Parietal dipolar topography, 1/f spectrum with alpha peak, clean time series."
SavedFiles/0604_VDaudio_ICA.set,12,brain,brain,0.95,"Central dipolar pattern, 1/f spectrum with alpha peak, no artifact features."
SavedFiles/0604_VDaudio_ICA.set,13,brain,brain,0.95,"Central dipolar topography, 1/f spectrum with alpha peak, clean time series."
SavedFiles/0604_VDaudio_ICA.set,14,muscle,channel_noise,0.95,"Single isolated focal spot, flat/noisy spectrum, erratic time series."
SavedFiles/0604_VDaudio_ICA.set,15,brain,brain,0.95,"Lateral dipolar topography, 1/f spectrum with alpha peak, no artifact features."
SavedFiles/0604_VDaudio_ICA.set,16,muscle,muscle,0.95,"Edge-focused topography, rising high-frequency spectrum, no alpha peak."
SavedFiles/0604_VDaudio_ICA.set,17,muscle,eye,0.95,"Frontal/periocular topography, low-frequency dominated spectrum, large slow deflections in time series."
SavedFiles/0604_VDaudio_ICA.set,18,eye,brain,0.9,"Dipolar, central/parietal topography, clear 1/f spectrum with an alpha peak around 10 Hz. Time series and ERP image are consistent with brain activity."
SavedFiles/0604_VDaudio_ICA.set,19,muscle,eye,1.0,"Strong frontal/periocular topography, low-frequency dominated spectrum, and large slow deflections in the time series. Classic eye artifact."
SavedFiles/0604_VDaudio_ICA.set,20,brain,brain,0.8,"Dipolar, lateral/temporal topography, 1/f spectrum with a possible alpha peak. Time series and ERP image are consistent with brain activity."
SavedFiles/0604_VDaudio_ICA.set,21,eye,muscle,0.95,"Edge-focused topography and a flat/rising high-frequency spectrum with no alpha peak. Time series is noisy, consistent with muscle artifact."
SavedFiles/0604_VDaudio_ICA.set,22,brain,brain,0.85,"Dipolar, central/parietal topography, 1/f spectrum with a possible alpha peak. Time series and ERP image are consistent with brain activity."
SavedFiles/0604_VDaudio_ICA.set,23,brain,brain,0.8,"Dipolar, central topography, 1/f spectrum with a possible alpha peak. Time series and ERP image are consistent with brain activity."
SavedFiles/0604_VDaudio_ICA.set,24,brain,brain,0.8,"Dipolar, lateral/temporal topography, 1/f spectrum with a possible alpha peak. Time series and ERP image are consistent with brain activity."
SavedFiles/0604_VDaudio_ICA.set,25,brain,brain,0.8,"Dipolar, central/parietal topography, 1/f spectrum with a possible alpha peak. Time series and ERP image are consistent with brain activity."
SavedFiles/0604_VDaudio_ICA.set,26,muscle,channel_noise,1.0,"Single isolated focal spot in topography, flat/noisy spectrum, and erratic/random time series. Classic channel noise."
SavedFiles/0604_VDaudio_ICA.set,27,brain,brain,0.95,"Dipolar central/parietal topography, clear 1/f spectrum with alpha peak (~10Hz), no artifact features."
SavedFiles/0604_VDaudio_ICA.set,28,muscle,brain,0.95,"Dipolar central topography, 1/f spectrum with alpha peak, clean time series, no artifact features."
SavedFiles/0604_VDaudio_ICA.set,29,muscle,brain,0.95,"Dipolar lateral/temporal topography, 1/f spectrum with alpha peak, no artifact features."
SavedFiles/0604_VDaudio_ICA.set,30,brain,brain,0.95,"Dipolar central/parietal topography, 1/f spectrum with alpha peak, clean time series."
SavedFiles/0604_VDaudio_ICA.set,31,muscle,brain,0.95,"Dipolar lateral/temporal topography, 1/f spectrum with alpha peak, no artifact features."
SavedFiles/0604_VDaudio_ICA.set,32,muscle,brain,0.95,"Dipolar central topography, 1/f spectrum with alpha peak, clean time series."
SavedFiles/0604_VDaudio_ICA.set,33,muscle,brain,0.95,"Dipolar lateral/temporal topography, 1/f spectrum with alpha peak, no artifact features."
SavedFiles/0604_VDaudio_ICA.set,34,brain,brain,0.95,"Dipolar central/parietal topography, 1/f spectrum with alpha peak, clean time series."
SavedFiles/0604_VDaudio_ICA.set,35,muscle,brain,0.95,"Dipolar central topography, 1/f spectrum with alpha peak, clean time series."
SavedFiles/0604_VDaudio_ICA.set,36,other,brain,0.95,"Central dipolar topography, clear 1/f spectrum with alpha peak, clean time series."
SavedFiles/0604_VDaudio_ICA.set,37,brain,eye,0.95,"Frontal/periocular topography, low-frequency dominated spectrum, large slow deflections in time series."
SavedFiles/0604_VDaudio_ICA.set,38,muscle,brain,0.9,"Lateral/temporal dipolar topography, 1/f spectrum with alpha peak, clean time series."
SavedFiles/0604_VDaudio_ICA.set,40,muscle,brain,0.9,"Central dipolar topography, 1/f spectrum with alpha peak, clean time series."
SavedFiles/0604_VDaudio_ICA.set,41,muscle,brain,0.9,"Lateral/temporal dipolar topography, 1/f spectrum with alpha peak, clean time series."
SavedFiles/0604_VDaudio_ICA.set,42,muscle,brain,0.9,"Central dipolar topography, 1/f spectrum with alpha peak, clean time series."
SavedFiles/0604_VDaudio_ICA.set,43,muscle,brain,0.9,"Lateral/temporal dipolar topography, 1/f spectrum with alpha peak, clean time series."
SavedFiles/0604_VDaudio_ICA.set,45,brain,eye,0.95,"Frontal/periocular topography, low-frequency dominated spectrum, large slow deflections in time series."
SavedFiles/0604_VDaudio_ICA.set,46,muscle,brain,0.9,"Central dipolar topography, 1/f spectrum with alpha peak, clean time series."
SavedFiles/0604_VDaudio_ICA.set,47,muscle,brain,0.95,"Central dipolar topography, clear 1/f spectrum with a visible alpha peak, time series is not erratic or dominated by slow deflections."
SavedFiles/0604_VDaudio_ICA.set,48,muscle,eye,0.95,"Frontal/periocular topography, large slow deflections in time series, spectrum dominated by low frequencies (<4Hz)."
SavedFiles/0604_VDaudio_ICA.set,49,other,muscle,0.95,"Edge/lateral topography, flat/rising high-frequency spectrum, no alpha peak, time series is noisy."
SavedFiles/0604_VDaudio_ICA.set,50,muscle,muscle,0.95,"Edge-focused topography, flat/rising high-frequency spectrum, no alpha peak, time series is noisy."
SavedFiles/0604_VDaudio_ICA.set,51,muscle,channel_noise,0.95,"Single isolated focal spot in topography, flat/noisy spectrum, erratic/random time series."
SavedFiles/0604_VDaudio_ICA.set,52,muscle,muscle,0.95,"Edge/lateral topography, flat/rising high-frequency spectrum, no alpha peak, time series is noisy."
SavedFiles/0604_VDaudio_ICA.set,53,other,eye,0.95,"Frontal topography, large slow deflections in time series, low-frequency dominated spectrum."
SavedFiles/0604_VDaudio_ICA.set,54,muscle,brain,0.95,"Central dipolar topography, 1/f spectrum with a visible alpha peak, time series is not erratic or dominated by slow deflections."
SavedFiles/0604_VDaudio_ICA.set,55,muscle,brain,0.95,"Central/parietal dipolar topography, 1/f spectrum with a visible alpha peak, time series is not erratic or dominated by slow deflections."
SavedFiles/0604_VDaudio_ICA.set,56,muscle,brain,0.9,"Dipolar, lateral/temporal topography with a clear alpha peak in the spectrum and 1/f shape. Time series is not erratic."
SavedFiles/0604_VDaudio_ICA.set,57,muscle,eye,1.0,"Strong frontal focus, low-frequency dominated spectrum, and large slow deflections in the time series. Classic eye artifact."
SavedFiles/0604_VDaudio_ICA.set,58,eye,eye,1.0,"Frontal focus, low-frequency spectrum, and large slow deflections in the time series. Matches eye artifact."
SavedFiles/0604_VDaudio_ICA.set,59,brain,muscle,0.95,Edge-focused topography and a flat/rising high-frequency spectrum with no alpha peak. Time series is noisy.
SavedFiles/0604_VDaudio_ICA.set,60,muscle,brain,0.85,"Dipolar, lateral/temporal topography with a 1/f spectrum and some alpha activity. No muscle or eye features."
SavedFiles/0604_VDaudio_ICA.set,61,other,brain,0.9,"Dipolar, central/parietal topography with a 1/f spectrum and alpha peak. Time series is not erratic."
SavedFiles/0604_VDaudio_ICA.set,63,muscle,muscle,0.95,"Edge-focused topography and a flat/rising high-frequency spectrum. No alpha peak, time series is noisy."
SavedFiles/0604_VDaudio_ICA.set,64,muscle,brain,0.8,"Dipolar, central/parietal topography with a 1/f spectrum and some alpha activity. No artifact features."
SavedFiles/0604_VDaudio_ICA.set,65,muscle,muscle,0.95,"Edge-focused topography and a flat/rising high-frequency spectrum. No alpha peak, time series is noisy."
SavedFiles/0604_VDaudio_ICA.set,66,muscle,brain,0.95,"Central dipolar topography, clear 1/f spectrum with a visible alpha peak (~10Hz), clean time series."
SavedFiles/0604_VDaudio_ICA.set,67,other,eye,0.95,"Frontal/periocular topography, low-frequency dominated spectrum, large slow deflections in time series."
SavedFiles/0604_VDaudio_ICA.set,68,other,brain,0.9,"Lateral/temporal dipolar topography, 1/f spectrum with alpha peak, no muscle features."
SavedFiles/0604_VDaudio_ICA.set,69,muscle,brain,0.9,"Central dipolar topography, 1/f spectrum with alpha peak, clean time series."
SavedFiles/0604_VDaudio_ICA.set,71,channel,brain,0.9,"Lateral dipolar topography, 1/f spectrum with alpha peak, no muscle features."
SavedFiles/0604_VDaudio_ICA.set,72,other,brain,0.85,"Central dipolar topography, 1/f spectrum with possible weak alpha peak, clean time series."
SavedFiles/0604_VDaudio_ICA.set,73,brain,eye,0.95,"Frontal/periocular topography, low-frequency dominated spectrum, large slow deflections in time series."
SavedFiles/0604_VDaudio_ICA.set,74,eye,brain,0.9,"Central dipolar topography, 1/f spectrum with alpha peak, clean time series."
SavedFiles/0604_VDaudio_ICA.set,75,brain,brain,0.9,"Central dipolar topography, 1/f spectrum with alpha peak, clean time series."
SavedFiles/0604_VDaudio_ICA.set,76,eye,muscle,0.95,Edge/lateral topography with a flat/rising high-frequency spectrum and no clear alpha peak; time series is noisy and high-frequency.
SavedFiles/0604_VDaudio_ICA.set,77,other,eye,0.95,"Frontal/periocular topography, low-frequency dominated spectrum, and large slow deflections in the time series."
SavedFiles/0604_VDaudio_ICA.set,78,other,eye,0.9,"Frontal focus, low-frequency spectrum, and large slow deflections in the time series."
SavedFiles/0604_VDaudio_ICA.set,79,other,muscle,0.9,"Edge/lateral topography, flat/rising high-frequency spectrum, and noisy time series."
SavedFiles/0604_VDaudio_ICA.set,80,eye,brain,0.85,"Central dipolar topography, 1/f spectrum with a clear alpha peak around 10 Hz."
SavedFiles/0604_VDaudio_ICA.set,81,muscle,brain,0.8,"Dipolar topography (slightly lateral), 1/f spectrum with a possible alpha peak."
SavedFiles/0604_VDaudio_ICA.set,83,muscle,brain,0.85,"Central dipolar topography, 1/f spectrum with a possible alpha peak."
SavedFiles/0604_VDaudio_ICA.set,84,muscle,muscle,0.95,"Edge/lateral topography, flat/rising high-frequency spectrum, and noisy time series."
SavedFiles/0604_VDaudio_ICA.set,85,muscle,brain,0.8,"Central dipolar topography, 1/f spectrum, possible weak alpha peak."
SavedFiles/0604_VDaudio_ICA.set,87,other,muscle,0.95,"Edge/lateralized topography, flat/rising high-frequency spectrum, no clear alpha peak. Time series is noisy/irregular."
SavedFiles/0604_VDaudio_ICA.set,88,other,eye,0.95,"Frontal/periocular topography, large slow deflections in time series, low-frequency dominated spectrum."
SavedFiles/0604_VDaudio_ICA.set,90,muscle,channel_noise,0.95,"Single focal spot in topography, erratic and noisy time series, flat spectrum."
SavedFiles/0604_VDaudio_ICA.set,91,other,eye,0.95,"Frontal focus, large slow deflection in time series, low-frequency dominated spectrum."
SavedFiles/0604_VDaudio_ICA.set,92,other,brain,0.9,"Dipolar, central/parietal topography, 1/f spectrum with possible alpha peak, time series not dominated by artifact."
SavedFiles/0604_VDaudio_ICA.set,93,channel,brain,0.9,"Dipolar, central topography, 1/f spectrum with possible alpha/beta peak, time series not dominated by artifact."
SavedFiles/0604_VDaudio_ICA.set,95,muscle,brain,0.9,"Dipolar, central/parietal topography, 1/f spectrum with possible alpha peak, time series not dominated by artifact."
SavedFiles/0604_VDaudio_ICA.set,96,other,muscle,0.95,"Edge/lateralized topography, flat/rising high-frequency spectrum, no clear alpha peak. Time series is noisy/irregular."
SavedFiles/0604_VDaudio_ICA.set,97,other,muscle,0.95,"Edge/lateralized topography, flat/rising high-frequency spectrum, no clear alpha peak. Time series is noisy/irregular."
SavedFiles/0604_VDaudio_ICA.set,98,other,brain,0.95,"Dipolar, central/parietal topography, clear 1/f spectrum with alpha peak (~10Hz), time series and ERP image are clean."
SavedFiles/0604_VDaudio_ICA.set,99,other,brain,0.9,"Dipolar, central topography, 1/f spectrum with possible low alpha/beta peak, clean time series and ERP image."
SavedFiles/0604_VDaudio_ICA.set,100,other,brain,0.95,"Dipolar, central/parietal topography, clear 1/f spectrum with alpha peak, clean time series."
SavedFiles/0604_VDaudio_ICA.set,102,muscle,brain,0.9,"Dipolar, central topography, 1/f spectrum with possible alpha peak, clean time series."
SavedFiles/0604_VDaudio_ICA.set,103,muscle,brain,0.9,"Dipolar, central/parietal topography, 1/f spectrum with alpha peak, clean time series."
SavedFiles/0604_VDaudio_ICA.set,105,other,brain,0.95,"Dipolar, central/parietal topography, clear 1/f spectrum with alpha peak, clean time series."
SavedFiles/0604_VDaudio_ICA.set,106,other,brain,0.9,"Dipolar, central/parietal topography, 1/f spectrum with alpha peak, clean time series."
SavedFiles/0604_VDaudio_ICA.set,107,channel,brain,0.9,"Dipolar, central/parietal topography, 1/f spectrum with alpha peak, clean time series."
SavedFiles/0604_VDaudio_ICA.set,108,other,brain,0.9,"Dipolar, central/parietal topography, 1/f spectrum with alpha peak, clean time series."
SavedFiles/0604_VDaudio_ICA.set,110,channel,brain,0.95,"Topography is dipolar and central/parietal, power spectrum shows clear 1/f shape with an alpha peak (~10Hz), time series and ERP image are consistent with brain activity."
SavedFiles/0604_VDaudio_ICA.set,111,other,brain,0.9,"Topography is dipolar and lateral/temporal, power spectrum has 1/f shape with a possible alpha/beta peak, time series and ERP image are consistent with brain activity."
SavedFiles/0604_VDaudio_ICA.set,113,other,brain,0.85,"Topography is dipolar and central, power spectrum is 1/f with a possible weak alpha peak, time series and ERP image are consistent with brain activity."
SavedFiles/0604_VDaudio_ICA.set,114,other,brain,0.85,"Topography is dipolar and central, power spectrum is 1/f with a possible weak alpha peak, time series and ERP image are consistent with brain activity."
SavedFiles/0837_VDAudio_ICA.set,0,eye,eye,1.0,"Frontal/periocular topography, large slow deflections in time series, low-frequency dominated spectrum."
SavedFiles/0837_VDAudio_ICA.set,1,eye,brain,0.95,"Dipolar central/parietal topography, 1/f spectrum with clear alpha peak (~10Hz), no artifact features."
SavedFiles/0837_VDAudio_ICA.set,2,brain,brain,0.95,"Central dipolar topography, 1/f spectrum with alpha peak, typical brain pattern."
SavedFiles/0837_VDAudio_ICA.set,3,eye,brain,0.9,"Dipolar pattern, 1/f spectrum with alpha peak, no artifact features."
SavedFiles/0837_VDAudio_ICA.set,4,heart,heart,0.85,"Broad scalp distribution, ~1Hz rhythmic deflections in time series, spectrum shows low-frequency peaks."
SavedFiles/0837_VDAudio_ICA.set,5,brain,brain,0.9,"Dipolar lateral/temporal topography, 1/f spectrum with alpha peak, fits brain criteria."
SavedFiles/0837_VDAudio_ICA.set,6,brain,brain,0.9,"Dipolar central/parietal topography, 1/f spectrum with alpha peak, typical brain component."
SavedFiles/0837_VDAudio_ICA.set,7,brain,brain,0.9,"Dipolar central/parietal topography, 1/f spectrum with alpha peak, fits brain criteria."
SavedFiles/0837_VDAudio_ICA.set,8,brain,brain,0.9,"Dipolar central/parietal topography, 1/f spectrum with alpha peak, fits brain criteria."
SavedFiles/0837_VDAudio_ICA.set,9,brain,brain,0.95,"Central dipolar topography, clear 1/f spectrum with alpha peak (~10Hz), no artifact features."
SavedFiles/0837_VDAudio_ICA.set,10,brain,brain,0.9,"Lateral/temporal dipolar topography, 1/f spectrum with alpha peak, no muscle or eye features."
SavedFiles/0837_VDAudio_ICA.set,11,brain,brain,0.9,"Parietal dipolar topography, 1/f spectrum with alpha peak, no artifact features."
SavedFiles/0837_VDAudio_ICA.set,12,muscle,brain,0.95,"Central dipolar topography, 1/f spectrum with alpha peak, clean time series."
SavedFiles/0837_VDAudio_ICA.set,13,muscle,muscle,0.95,"Edge/lateral topography, flat/rising high-frequency spectrum, no alpha peak, consistent with muscle."
SavedFiles/0837_VDAudio_ICA.set,14,brain,brain,0.9,"Frontal-central dipolar topography, 1/f spectrum with alpha peak, no artifact features."
SavedFiles/0837_VDAudio_ICA.set,15,brain,brain,0.95,"Central dipolar topography, 1/f spectrum with alpha peak, no artifact features."
SavedFiles/0837_VDAudio_ICA.set,16,brain,brain,0.9,"Frontal-central dipolar topography, 1/f spectrum with alpha peak, no artifact features."
SavedFiles/0837_VDAudio_ICA.set,17,brain,brain,0.9,"Lateral/temporal dipolar topography, 1/f spectrum with alpha peak, no artifact features."
SavedFiles/0837_VDAudio_ICA.set,19,brain,brain,0.95,"Dipolar, lateral/temporal topography, clear 1/f spectrum with alpha peak (~10Hz); no muscle or eye features."
SavedFiles/0837_VDAudio_ICA.set,21,brain,brain,0.95,"Dipolar, central/parietal topography, 1/f spectrum with alpha peak; no artifact features."
SavedFiles/0837_VDAudio_ICA.set,22,muscle,brain,0.95,"Dipolar, central topography, 1/f spectrum with alpha peak; no artifact features."
SavedFiles/0837_VDAudio_ICA.set,23,brain,brain,0.95,"Dipolar, central/parietal topography, 1/f spectrum with alpha peak; no artifact features."
SavedFiles/0837_VDAudio_ICA.set,24,eye,brain,0.95,"Dipolar, central/parietal topography, 1/f spectrum with alpha peak; no artifact features."
SavedFiles/0837_VDAudio_ICA.set,25,brain,brain,0.95,"Dipolar, lateral/temporal topography, 1/f spectrum with alpha peak; no artifact features."
SavedFiles/0837_VDAudio_ICA.set,26,brain,brain,0.95,"Dipolar, central/parietal topography, 1/f spectrum with alpha peak; no artifact features."
SavedFiles/0837_VDAudio_ICA.set,27,brain,brain,0.95,"Dipolar, central/parietal topography, 1/f spectrum with alpha peak; no artifact features."
SavedFiles/0837_VDAudio_ICA.set,28,brain,brain,0.95,"Dipolar, central/parietal topography, 1/f spectrum with alpha peak; no artifact features."
SavedFiles/0837_VDAudio_ICA.set,29,eye,eye,0.95,"Frontal/periocular topography, large slow deflections in time series, low-frequency dominated spectrum."
SavedFiles/0837_VDAudio_ICA.set,30,brain,brain,0.85,"Central dipolar pattern, 1/f spectrum with a visible alpha peak around 10Hz."
SavedFiles/0837_VDAudio_ICA.set,31,muscle,brain,0.85,"Central dipolar pattern, 1/f spectrum with a clear alpha peak."
SavedFiles/0837_VDAudio_ICA.set,32,eye,brain,0.85,"Central/parietal dipolar pattern, 1/f spectrum with alpha peak."
SavedFiles/0837_VDAudio_ICA.set,33,brain,brain,0.85,"Lateral/temporal dipolar pattern, 1/f spectrum with alpha peak."
SavedFiles/0837_VDAudio_ICA.set,34,eye,brain,0.85,"Central dipolar pattern, 1/f spectrum with alpha peak."
SavedFiles/0837_VDAudio_ICA.set,36,brain,brain,0.85,"Lateral/temporal dipolar pattern, 1/f spectrum with alpha peak."
SavedFiles/0837_VDAudio_ICA.set,37,other,brain,0.85,"Central dipolar pattern, 1/f spectrum with alpha peak."
SavedFiles/0837_VDAudio_ICA.set,38,brain,brain,0.85,"Central/parietal dipolar pattern, 1/f spectrum with alpha peak."
SavedFiles/0837_VDAudio_ICA.set,39,brain,brain,0.95,"Dipolar central/parietal topography, clear 1/f spectrum with alpha peak, no artifact features."
SavedFiles/0837_VDAudio_ICA.set,40,brain,brain,0.95,"Dipolar central topography, 1/f spectrum with alpha peak, no artifact features."
SavedFiles/0837_VDAudio_ICA.set,41,muscle,brain,0.9,"Central dipolar topography, 1/f spectrum with alpha peak, no artifact features."
SavedFiles/0837_VDAudio_ICA.set,42,brain,brain,0.95,"Dipolar central/parietal topography, 1/f spectrum with alpha peak, no artifact features."
SavedFiles/0837_VDAudio_ICA.set,43,brain,brain,0.9,"Lateral/temporal dipolar topography, 1/f spectrum with alpha peak, fits lateral brain component."
SavedFiles/0837_VDAudio_ICA.set,44,other,brain,0.95,"Dipolar central/parietal topography, 1/f spectrum with alpha peak, no artifact features."
SavedFiles/0837_VDAudio_ICA.set,45,brain,brain,0.9,"Dipolar, slightly lateral/temporal topography, 1/f spectrum with alpha peak."
SavedFiles/0837_VDAudio_ICA.set,46,brain,brain,0.95,"Dipolar central/parietal topography, 1/f spectrum with alpha peak, no artifact features."
SavedFiles/0837_VDAudio_ICA.set,47,muscle,brain,0.9,"Central dipolar topography, 1/f spectrum with alpha peak, no artifact features."
SavedFiles/0837_VDAudio_ICA.set,48,brain,muscle,0.95,Edge/lateral topography and a flat/rising high-frequency spectrum without an alpha peak; time series is noisy.
SavedFiles/0837_VDAudio_ICA.set,51,muscle,channel_noise,0.95,"Single isolated focal spot in topography, flat/noisy spectrum, and erratic time series."
SavedFiles/0837_VDAudio_ICA.set,52,muscle,muscle,0.95,Edge/lateral topography and flat/rising high-frequency spectrum; no alpha peak.
SavedFiles/0837_VDAudio_ICA.set,53,muscle,channel_noise,0.95,"Single isolated focal spot in topography, flat/noisy spectrum, and erratic time series."
SavedFiles/0837_VDAudio_ICA.set,54,other,muscle,0.95,Edge/lateral topography and flat/rising high-frequency spectrum; no alpha peak.
SavedFiles/0837_VDAudio_ICA.set,56,brain,brain,0.85,"Central dipolar topography, 1/f spectrum with a visible alpha peak."
SavedFiles/0837_VDAudio_ICA.set,57,brain,brain,0.85,"Central dipolar topography, 1/f spectrum with a visible alpha peak."
SavedFiles/0837_VDAudio_ICA.set,58,brain,brain,0.85,"Central dipolar topography, 1/f spectrum with a visible alpha peak."
SavedFiles/0837_VDAudio_ICA.set,59,other,channel_noise,0.95,"Single isolated focal spot in topography, flat/noisy spectrum, and erratic time series."
SavedFiles/0837_VDAudio_ICA.set,60,brain,brain,0.95,"Dipolar, lateral/temporal topography with clear alpha peak (~10Hz) and 1/f spectrum. No high-frequency muscle activity."
SavedFiles/0837_VDAudio_ICA.set,61,brain,brain,0.95,"Central dipolar topography, 1/f spectrum with alpha peak, no muscle or eye artifact features."
SavedFiles/0837_VDAudio_ICA.set,62,eye,brain,0.95,"Parietal dipolar topography, clear alpha peak, 1/f spectrum. No artifact features."
SavedFiles/0837_VDAudio_ICA.set,63,brain,brain,0.95,"Central dipolar topography, 1/f spectrum with alpha peak, no artifact features."
SavedFiles/0837_VDAudio_ICA.set,64,brain,brain,0.95,"Lateral/temporal dipolar topography, alpha peak, 1/f spectrum. No muscle or eye features."
SavedFiles/0837_VDAudio_ICA.set,65,brain,brain,0.95,"Central/parietal dipolar topography, alpha peak, 1/f spectrum. No artifact features."
SavedFiles/0837_VDAudio_ICA.set,66,muscle,brain,0.95,"Central dipolar topography, 1/f spectrum with alpha peak, no artifact features."
SavedFiles/0837_VDAudio_ICA.set,67,other,brain,0.95,"Lateral/temporal dipolar topography, alpha peak, 1/f spectrum. No muscle or eye features."
SavedFiles/0837_VDAudio_ICA.set,69,muscle,brain,0.95,"Lateral/temporal dipolar topography, alpha peak, 1/f spectrum. No muscle or eye features."
SavedFiles/0837_VDAudio_ICA.set,70,brain,brain,0.95,"Dipolar central/parietal topography, clear alpha peak (~10Hz) in spectrum, 1/f shape."
SavedFiles/0837_VDAudio_ICA.set,71,brain,brain,0.95,"Dipolar central/frontal topography, 1/f spectrum with alpha peak, typical brain pattern."
SavedFiles/0837_VDAudio_ICA.set,73,brain,brain,0.95,"Dipolar parietal/central topography, 1/f spectrum with alpha peak, typical brain."
SavedFiles/0837_VDAudio_ICA.set,74,brain,brain,0.95,"Dipolar central/frontal topography, 1/f spectrum with alpha peak, typical brain."
SavedFiles/0837_VDAudio_ICA.set,75,brain,brain,0.95,"Dipolar lateral/temporal topography, 1/f spectrum with alpha peak, fits brain (not muscle)."
SavedFiles/0837_VDAudio_ICA.set,76,muscle,brain,0.95,"Dipolar central/parietal topography, 1/f spectrum with alpha peak, typical brain."
SavedFiles/0837_VDAudio_ICA.set,79,muscle,brain,0.95,"Dipolar central/parietal topography, 1/f spectrum with alpha peak, typical brain."
SavedFiles/0837_VDAudio_ICA.set,81,other,brain,0.95,"Dipolar lateral/frontal topography, 1/f spectrum with alpha peak, fits brain (not muscle)."
SavedFiles/0837_VDAudio_ICA.set,82,muscle,brain,0.95,"Dipolar central/parietal topography, 1/f spectrum with alpha peak, typical brain."
SavedFiles/0837_VDAudio_ICA.set,83,eye,muscle,0.95,Edge/lateral topography and a flat/rising high-frequency spectrum with no alpha peak; classic muscle artifact.
SavedFiles/0837_VDAudio_ICA.set,85,brain,brain,0.9,"Central dipolar topography, 1/f spectrum with a visible alpha peak around 10 Hz; typical brain component."
SavedFiles/0837_VDAudio_ICA.set,86,muscle,brain,0.9,"Central dipolar topography, 1/f spectrum with a clear alpha peak; fits brain criteria."
SavedFiles/0837_VDAudio_ICA.set,87,brain,muscle,0.95,"Edge/lateral topography and a flat/rising high-frequency spectrum; no alpha peak, consistent with muscle."
SavedFiles/0837_VDAudio_ICA.set,91,muscle,brain,0.85,"Central dipolar topography, 1/f spectrum with a small alpha peak; fits brain criteria."
SavedFiles/0837_VDAudio_ICA.set,93,other,muscle,0.95,"Edge/lateral topography and a flat/rising high-frequency spectrum; no alpha peak, consistent with muscle."
SavedFiles/0837_VDAudio_ICA.set,94,muscle,brain,0.9,"Lateral/temporal dipolar topography with a clear alpha peak; fits brain (not muscle, since alpha peak is present)."
SavedFiles/0837_VDAudio_ICA.set,98,other,brain,0.9,"Central dipolar topography, 1/f spectrum with an alpha peak; fits brain criteria."
SavedFiles/0837_VDAudio_ICA.set,102,other,brain,0.9,"Central dipolar topography, 1/f spectrum with an alpha peak; fits brain criteria."
SavedFiles/0837_VDAudio_ICA.set,107,other,eye,0.95,"Frontal/periocular topography, low-frequency dominated spectrum, and large slow deflections in the time series."
SavedFiles/0837_VDAudio_ICA.set,108,other,brain,0.85,"Central dipolar topography, 1/f spectrum with a visible alpha peak around 10 Hz, and no artifact features."
SavedFiles/0837_VDAudio_ICA.set,109,other,brain,0.85,"Central dipolar topography, 1/f spectrum with an alpha peak, and clean time series."
SavedFiles/0837_VDAudio_ICA.set,110,channel,brain,0.85,"Central/parietal dipolar topography, 1/f spectrum with an alpha peak, and clean time series."
SavedFiles/0837_VDAudio_ICA.set,111,muscle,brain,0.85,"Central dipolar topography, 1/f spectrum with an alpha peak, and clean time series."
SavedFiles/0837_VDAudio_ICA.set,112,other,brain,0.8,"Lateral/temporal dipolar topography, 1/f spectrum with an alpha peak, and clean time series."
SavedFiles/0837_VDAudio_ICA.set,113,other,brain,0.85,"Central/parietal dipolar topography, 1/f spectrum with an alpha peak, and clean time series."
SavedFiles/0837_VDAudio_ICA.set,114,other,brain,0.85,"Central dipolar topography, 1/f spectrum with an alpha peak, and clean time series."
SavedFiles/0837_VDAudio_ICA.set,115,muscle,brain,0.85,"Central dipolar topography, 1/f spectrum with an alpha peak, and clean time series."
SavedFiles/0837_VDAudio_ICA.set,116,other,brain,0.95,"The topography is dipolar and lateral/temporal, not edge-focused. The power spectrum shows a clear 1/f drop-off with a visible alpha peak around 10 Hz, no flat/rising high-frequency activity. The time series and ERP image do not show large slow deflections or rhythmic ~1Hz activity."
SavedFiles/0837_VDAudio_ICA.set,117,channel,brain,0.95,"The topography is dipolar and lateral/temporal, not edge-focused. The power spectrum shows a 1/f pattern with a visible alpha peak around 10 Hz, no flat/rising high-frequency activity. The time series and ERP image do not show large slow deflections or rhythmic ~1Hz activity."
SavedFiles/0837_VDNoAudio_ICA.set,0,eye,eye,1.0,"Frontal/periocular topography, large slow deflections in time series, low-frequency dominated spectrum."
SavedFiles/0837_VDNoAudio_ICA.set,1,eye,eye,1.0,"Frontal focus, large slow deflections in time series, low-frequency dominated spectrum."
SavedFiles/0837_VDNoAudio_ICA.set,2,eye,channel_noise,0.95,"Single focal spot in topography, erratic time series, flat/noisy spectrum."
SavedFiles/0837_VDNoAudio_ICA.set,3,eye,channel_noise,0.95,"Single focal spot in topography, erratic time series, flat/noisy spectrum."
SavedFiles/0837_VDNoAudio_ICA.set,4,brain,brain,0.9,"Dipolar, central/parietal topography, 1/f spectrum with alpha peak."
SavedFiles/0837_VDNoAudio_ICA.set,5,heart,muscle,0.95,"Edge-focused topography, flat/rising high-frequency spectrum, no alpha peak."
SavedFiles/0837_VDNoAudio_ICA.set,6,brain,brain,0.9,"Dipolar, central/parietal topography, 1/f spectrum with alpha peak."
SavedFiles/0837_VDNoAudio_ICA.set,7,brain,brain,0.9,"Dipolar, central/parietal topography, 1/f spectrum with alpha peak."
SavedFiles/0837_VDNoAudio_ICA.set,8,brain,brain,0.9,"Dipolar, central/parietal topography, 1/f spectrum with alpha peak."
SavedFiles/0837_VDNoAudio_ICA.set,9,brain,brain,0.95,"Dipolar central/parietal topography, clear 1/f spectrum with alpha peak (~10Hz), no artifact features."
SavedFiles/0837_VDNoAudio_ICA.set,10,eye,brain,0.9,"Dipolar, lateral/temporal topography, 1/f spectrum with alpha peak, no muscle or eye features."
SavedFiles/0837_VDNoAudio_ICA.set,11,brain,brain,0.95,"Central dipolar topography, 1/f spectrum with alpha peak, clean time series."
SavedFiles/0837_VDNoAudio_ICA.set,12,brain,brain,0.95,"Central/parietal dipolar map, 1/f spectrum with alpha peak, no artifact features."
SavedFiles/0837_VDNoAudio_ICA.set,13,brain,brain,0.9,"Lateral/temporal dipolar map, 1/f spectrum with alpha peak, not muscle (no high-frequency rise)."
SavedFiles/0837_VDNoAudio_ICA.set,14,brain,brain,0.9,"Dipolar, lateral/temporal topography, 1/f spectrum with alpha peak, no artifact features."
SavedFiles/0837_VDNoAudio_ICA.set,15,brain,brain,0.95,"Central dipolar topography, 1/f spectrum with alpha peak, clean time series."
SavedFiles/0837_VDNoAudio_ICA.set,16,brain,brain,0.95,"Central/parietal dipolar map, 1/f spectrum with alpha peak, no artifact features."
SavedFiles/0837_VDNoAudio_ICA.set,17,muscle,brain,0.9,"Lateral/temporal dipolar map, 1/f spectrum with alpha peak, not muscle (no high-frequency rise)."
SavedFiles/0837_VDNoAudio_ICA.set,18,brain,brain,0.95,"Dipolar central/parietal topography, clear 1/f spectrum with a visible alpha peak (~10Hz), no high-frequency rise."
SavedFiles/0837_VDNoAudio_ICA.set,19,brain,brain,0.95,"Dipolar, slightly lateralized topography, 1/f spectrum with a clear alpha peak, no muscle-like high-frequency activity."
SavedFiles/0837_VDNoAudio_ICA.set,20,brain,brain,0.95,"Dipolar, central topography, 1/f spectrum with strong alpha peak, time series is not erratic or slow-deflection dominated."
SavedFiles/0837_VDNoAudio_ICA.set,21,brain,brain,0.95,"Dipolar, central/parietal topography, 1/f spectrum with alpha peak, no high-frequency muscle activity."
SavedFiles/0837_VDNoAudio_ICA.set,22,brain,brain,0.95,"Dipolar, central topography, 1/f spectrum with alpha peak, no muscle or eye artifact features."
SavedFiles/0837_VDNoAudio_ICA.set,23,brain,brain,0.95,"Dipolar, lateral/temporal topography, 1/f spectrum with alpha peak, no high-frequency muscle activity."
SavedFiles/0837_VDNoAudio_ICA.set,24,brain,brain,0.95,"Dipolar, central/parietal topography, 1/f spectrum with alpha peak, no artifact features."
SavedFiles/0837_VDNoAudio_ICA.set,25,brain,brain,0.95,"Dipolar, lateral/temporal topography, 1/f spectrum with alpha peak, no high-frequency muscle activity."
SavedFiles/0837_VDNoAudio_ICA.set,26,brain,brain,0.95,"Dipolar, central/parietal topography, 1/f spectrum with alpha peak, no artifact features."
SavedFiles/0837_VDNoAudio_ICA.set,27,brain,brain,0.95,"Central dipolar topography, clear 1/f spectrum with alpha peak (~10Hz), time series and ERP image are consistent with brain activity."
SavedFiles/0837_VDNoAudio_ICA.set,28,brain,brain,0.95,"Lateral/temporal dipolar topography, 1/f spectrum with alpha peak, time series and ERP image are consistent with brain activity."
SavedFiles/0837_VDNoAudio_ICA.set,29,brain,brain,0.95,"Central dipolar topography, 1/f spectrum with alpha peak, time series and ERP image are consistent with brain activity."
SavedFiles/0837_VDNoAudio_ICA.set,30,brain,brain,0.95,"Central dipolar topography, 1/f spectrum with alpha peak, time series and ERP image are consistent with brain activity."
SavedFiles/0837_VDNoAudio_ICA.set,32,brain,brain,0.95,"Central dipolar topography, 1/f spectrum with alpha peak, time series and ERP image are consistent with brain activity."
SavedFiles/0837_VDNoAudio_ICA.set,33,brain,brain,0.95,"Lateral/temporal dipolar topography, 1/f spectrum with alpha peak, time series and ERP image are consistent with brain activity."
SavedFiles/0837_VDNoAudio_ICA.set,34,brain,brain,0.95,"Central dipolar topography, 1/f spectrum with alpha peak, time series and ERP image are consistent with brain activity."
SavedFiles/0837_VDNoAudio_ICA.set,35,other,brain,0.95,"Central dipolar topography, 1/f spectrum with alpha peak, time series and ERP image are consistent with brain activity."
SavedFiles/0837_VDNoAudio_ICA.set,36,brain,brain,0.95,"Central dipolar topography, 1/f spectrum with alpha peak, time series and ERP image are consistent with brain activity."
SavedFiles/0837_VDNoAudio_ICA.set,37,brain,brain,0.95,"Central dipolar topography, clear 1/f spectrum with a visible alpha peak (~10Hz), time series is not erratic."
SavedFiles/0837_VDNoAudio_ICA.set,38,brain,brain,0.95,"Lateral/temporal dipolar topography, 1/f spectrum with alpha peak, time series is clean."
SavedFiles/0837_VDNoAudio_ICA.set,39,brain,brain,0.95,"Central dipolar topography, 1/f spectrum with alpha peak, time series is consistent with brain activity."
SavedFiles/0837_VDNoAudio_ICA.set,40,brain,brain,0.95,"Parietal dipolar topography, 1/f spectrum with alpha peak, time series is typical for brain."
SavedFiles/0837_VDNoAudio_ICA.set,41,brain,brain,0.95,"Lateral/temporal dipolar topography, 1/f spectrum with alpha peak, time series is not erratic."
SavedFiles/0837_VDNoAudio_ICA.set,42,brain,brain,0.95,"Central dipolar topography, 1/f spectrum with alpha peak, time series is consistent with brain."
SavedFiles/0837_VDNoAudio_ICA.set,44,brain,brain,0.95,"Fronto-central dipolar topography, 1/f spectrum with alpha peak, time series is typical for brain."
SavedFiles/0837_VDNoAudio_ICA.set,45,brain,brain,0.95,"Central dipolar topography, 1/f spectrum with alpha peak, time series is consistent with brain."
SavedFiles/0837_VDNoAudio_ICA.set,46,muscle,channel_noise,0.9,"Single focal spot on topography, flat/noisy spectrum, erratic time series; fits channel noise profile."
SavedFiles/0837_VDNoAudio_ICA.set,47,brain,brain,0.9,"Dipolar, central/parietal topography, clear 1/f spectrum with possible alpha peak, no artifact features."
SavedFiles/0837_VDNoAudio_ICA.set,48,brain,brain,0.9,"Dipolar, central topography, 1/f spectrum with possible alpha, no artifact features."
SavedFiles/0837_VDNoAudio_ICA.set,49,muscle,muscle,0.95,"Edge/lateral topography, flat/rising high-frequency spectrum, no alpha peak, fits muscle criteria."
SavedFiles/0837_VDNoAudio_ICA.set,50,brain,brain,0.9,"Dipolar, central/parietal topography, 1/f spectrum, no artifact features."
SavedFiles/0837_VDNoAudio_ICA.set,51,brain,brain,0.9,"Dipolar, central/parietal topography, 1/f spectrum, no artifact features."
SavedFiles/0837_VDNoAudio_ICA.set,52,brain,brain,0.9,"Dipolar, central/parietal topography, 1/f spectrum, no artifact features."
SavedFiles/0837_VDNoAudio_ICA.set,53,brain,brain,0.9,"Dipolar, central/parietal topography, 1/f spectrum, no artifact features."
SavedFiles/0837_VDNoAudio_ICA.set,54,brain,brain,0.9,"Dipolar, central/parietal topography, 1/f spectrum, no artifact features."
SavedFiles/0837_VDNoAudio_ICA.set,55,brain,brain,0.9,"Dipolar, central/parietal topography, 1/f spectrum, no artifact features."
SavedFiles/0837_VDNoAudio_ICA.set,56,brain,brain,0.95,"Dipolar, lateral/temporal topography with clear alpha peak (~10Hz) in the spectrum and 1/f shape. No muscle or eye features."
SavedFiles/0837_VDNoAudio_ICA.set,57,channel,brain,0.9,"Central dipolar topography, 1/f spectrum with a visible alpha peak. No artifact features."
SavedFiles/0837_VDNoAudio_ICA.set,59,brain,brain,0.95,"Dipolar, parietal/occipital topography, clear alpha peak, and 1/f spectrum. No artifact features."
SavedFiles/0837_VDNoAudio_ICA.set,60,muscle,brain,0.9,"Central dipolar topography, 1/f spectrum with a small alpha peak. No artifact features."
SavedFiles/0837_VDNoAudio_ICA.set,61,brain,brain,0.95,"Dipolar, central/parietal topography, 1/f spectrum with alpha peak. No artifact features."
SavedFiles/0837_VDNoAudio_ICA.set,62,brain,brain,0.95,"Dipolar, central/parietal topography, 1/f spectrum with alpha peak. No artifact features."
SavedFiles/0837_VDNoAudio_ICA.set,63,brain,brain,0.95,"Dipolar, central/parietal topography, 1/f spectrum with alpha peak. No artifact features."
SavedFiles/0837_VDNoAudio_ICA.set,64,brain,brain,0.95,"Dipolar, central/parietal topography, 1/f spectrum with alpha peak. No artifact features."
SavedFiles/0837_VDNoAudio_ICA.set,66,eye,brain,0.9,"Dipolar, lateral/temporal topography, 1/f spectrum with alpha peak. No artifact features."
SavedFiles/0837_VDNoAudio_ICA.set,67,brain,brain,0.95,"Dipolar, central/parietal topography, clear 1/f spectrum with a visible alpha peak (~10 Hz), no high-frequency muscle activity or eye-like slow deflections."
SavedFiles/0837_VDNoAudio_ICA.set,68,brain,brain,0.95,"Dipolar, central/parietal topography, 1/f spectrum with a clear alpha peak (~10 Hz), no muscle or eye artifact features."
SavedFiles/0837_VDNoAudio_ICA.set,69,muscle,muscle,0.9,Edge/lateralized topography and a relatively flat/rising high-frequency spectrum without a clear alpha peak; matches muscle artifact criteria.
SavedFiles/1846_VDnoaudio_ICA.set,0,eye,eye,0.95,"Frontal/periocular topography, large slow deflections in time series, low-frequency dominated spectrum."
SavedFiles/1846_VDnoaudio_ICA.set,1,brain,brain,0.9,"Lateral/temporal dipolar topography, clear alpha peak (~10Hz), 1/f spectrum."
SavedFiles/1846_VDnoaudio_ICA.set,2,brain,brain,0.9,"Central/parietal dipolar topography, clear alpha peak (~10Hz), 1/f spectrum."
SavedFiles/1846_VDnoaudio_ICA.set,3,brain,brain,0.9,"Central dipolar topography, alpha peak, 1/f spectrum."
SavedFiles/1846_VDnoaudio_ICA.set,4,brain,brain,0.9,"Lateral/temporal dipolar topography, alpha peak, 1/f spectrum."
SavedFiles/1846_VDnoaudio_ICA.set,5,muscle,brain,0.9,"Central dipolar topography, alpha peak, 1/f spectrum."
SavedFiles/1846_VDnoaudio_ICA.set,6,brain,eye,0.95,"Frontal/periocular topography, large slow deflections in time series, low-frequency dominated spectrum."
SavedFiles/1846_VDnoaudio_ICA.set,7,heart,channel_noise,0.95,"Single isolated focal spot on topography, flat/noisy spectrum, erratic time series."
SavedFiles/1846_VDnoaudio_ICA.set,8,eye,muscle,0.95,"Edge-focused topography, flat/rising high-frequency spectrum, no alpha peak."
SavedFiles/2319_VDaudio_ICA.set,0,eye,brain,0.95,"Central dipolar topography, clear 1/f spectrum with alpha peak (~10Hz), no artifact features."
SavedFiles/2319_VDaudio_ICA.set,1,eye,eye,0.95,"Frontal/periocular topography, large slow deflections in time series, low-frequency dominated spectrum."
SavedFiles/2319_VDaudio_ICA.set,2,eye,brain,0.9,"Central dipolar pattern, 1/f spectrum with possible weak alpha, no artifact features."
SavedFiles/2319_VDaudio_ICA.set,3,heart,muscle,0.95,"Edge/lateral topography, flat/rising high-frequency spectrum, no alpha peak."
SavedFiles/2319_VDaudio_ICA.set,4,brain,channel_noise,0.95,"Single focal spot on topography, flat/noisy spectrum, erratic time series."
SavedFiles/2319_VDaudio_ICA.set,5,muscle,brain,0.85,"Central dipolar pattern, 1/f spectrum, possible weak alpha, no artifact features."
SavedFiles/2319_VDaudio_ICA.set,6,brain,brain,0.9,"Lateral/temporal dipolar pattern, 1/f spectrum with alpha peak, fits brain (not muscle)."
SavedFiles/2319_VDaudio_ICA.set,7,muscle,brain,0.85,"Central dipolar pattern, 1/f spectrum, no clear artifact features."
SavedFiles/2319_VDaudio_ICA.set,8,muscle,brain,0.85,"Lateral/temporal dipolar pattern, 1/f spectrum with alpha peak, fits brain (not muscle)."
SavedFiles/2319_VDaudio_ICA.set,9,muscle,brain,0.95,"Central dipolar topography, clear 1/f spectrum with alpha peak, clean time series."
SavedFiles/2319_VDaudio_ICA.set,10,brain,brain,0.95,"Central/parietal dipolar topography, 1/f spectrum with alpha peak, clean time series."
SavedFiles/2319_VDaudio_ICA.set,11,eye,brain,0.95,"Central dipolar topography, 1/f spectrum with alpha peak, clean time series."
SavedFiles/2319_VDaudio_ICA.set,12,brain,brain,0.95,"Central/parietal dipolar topography, 1/f spectrum with alpha peak, clean time series."
SavedFiles/2319_VDaudio_ICA.set,14,muscle,muscle,0.9,"Edge/lateral topography, flat/rising high-frequency spectrum, no clear alpha peak."
SavedFiles/2319_VDaudio_ICA.set,15,muscle,brain,0.95,"Central dipolar topography, 1/f spectrum with alpha peak, clean time series."
SavedFiles/2319_VDaudio_ICA.set,16,brain,brain,0.95,"Central/parietal dipolar topography, 1/f spectrum with alpha peak, clean time series."
SavedFiles/2319_VDaudio_ICA.set,17,muscle,brain,0.95,"Central dipolar topography, 1/f spectrum with alpha peak, clean time series."
SavedFiles/2319_VDaudio_ICA.set,18,brain,brain,0.95,"Central/parietal dipolar topography, 1/f spectrum with alpha peak, clean time series."
SavedFiles/2319_VDaudio_ICA.set,19,muscle,brain,0.9,"The topography shows a dipolar pattern focused over lateral/temporal/parietal regions (not strictly central, but still plausible for brain). The power spectrum has a clear 1/f shape with a visible alpha peak (~8-12 Hz), and there is no evidence of high-frequency muscle activity or a sharp line noise peak. The time series and ERP image do not show large slow deflections or isolated channel noise. This fits the 'brain' category, especially given the lateral topography with an alpha peak."
SavedFiles/2818_VDnoaudio_ICA.set,0,eye,eye,1.0,"Frontal/periocular topography, large slow deflections in time series, low-frequency dominated spectrum."
SavedFiles/2818_VDnoaudio_ICA.set,1,brain,brain,0.95,"Central dipolar topography, clear alpha peak (~10Hz) in spectrum, 1/f shape."
SavedFiles/2818_VDnoaudio_ICA.set,2,brain,brain,0.95,"Parietal dipolar topography, alpha peak (~10Hz), 1/f spectrum."
SavedFiles/2818_VDnoaudio_ICA.set,3,brain,brain,0.95,"Central dipolar topography, alpha peak, 1/f spectrum."
SavedFiles/2818_VDnoaudio_ICA.set,4,brain,brain,0.95,"Lateral/temporal dipolar topography, alpha peak, 1/f spectrum."
SavedFiles/2818_VDnoaudio_ICA.set,5,muscle,channel_noise,1.0,"Single isolated focal spot, flat/noisy spectrum, erratic time series."
SavedFiles/2818_VDnoaudio_ICA.set,6,brain,brain,0.95,"Central dipolar topography, alpha peak, 1/f spectrum."
SavedFiles/2818_VDnoaudio_ICA.set,7,heart,brain,0.95,"Central dipolar topography, alpha peak, 1/f spectrum."
SavedFiles/2818_VDnoaudio_ICA.set,8,muscle,channel_noise,1.0,"Single isolated focal spot, flat/noisy spectrum, erratic time series."
SavedFiles/2818_VDnoaudio_ICA.set,9,brain,brain,0.95,"Dipolar, lateral/temporal topography, clear 1/f spectrum with alpha peak (~10Hz), no high-frequency muscle activity."
SavedFiles/2818_VDnoaudio_ICA.set,10,muscle,brain,0.95,"Central dipolar pattern, 1/f spectrum with alpha peak, no muscle or eye features."
SavedFiles/2818_VDnoaudio_ICA.set,11,brain,brain,0.95,"Dipolar, central/parietal topography, 1/f spectrum with alpha peak, no artifact features."
SavedFiles/2818_VDnoaudio_ICA.set,12,brain,brain,0.95,"Dipolar, lateral/temporal topography, 1/f spectrum with alpha peak, no muscle or eye features."
SavedFiles/2818_VDnoaudio_ICA.set,14,eye,eye,0.95,"Frontal/periocular topography, low-frequency dominated spectrum, large slow deflections in time series."
SavedFiles/2818_VDnoaudio_ICA.set,15,muscle,brain,0.95,"Central dipolar pattern, 1/f spectrum with alpha peak, no artifact features."
SavedFiles/2818_VDnoaudio_ICA.set,18,brain,brain,0.95,"Dipolar, central/parietal topography, 1/f spectrum with alpha peak, no artifact features."
SavedFiles/2818_VDnoaudio_ICA.set,19,brain,brain,0.95,"Central dipolar pattern, 1/f spectrum with alpha peak, no artifact features."
SavedFiles/2818_VDnoaudio_ICA.set,20,brain,brain,0.95,"Central dipolar pattern, 1/f spectrum with alpha peak, no artifact features."
SavedFiles/2818_VDnoaudio_ICA.set,21,brain,brain,0.95,"Central dipolar topography, clear 1/f spectrum with alpha peak (~10Hz), no muscle or eye features."
SavedFiles/2818_VDnoaudio_ICA.set,22,brain,brain,0.95,"Central dipolar topography, 1/f spectrum with alpha peak, no evidence of muscle or eye artifact."
SavedFiles/2818_VDnoaudio_ICA.set,24,muscle,muscle,0.9,"Edge/lateralized topography and flat/rising high-frequency spectrum, no alpha peak, consistent with muscle artifact."
SavedFiles/2818_VDnoaudio_ICA.set,25,muscle,brain,0.9,"Central dipolar topography, 1/f spectrum with alpha/beta peaks, no artifact features."
SavedFiles/2818_VDnoaudio_ICA.set,26,eye,brain,0.95,"Frontal-central dipolar topography, 1/f spectrum with alpha peak, no eye or muscle features."
